{
  "model_name": "10N_beta2.82843_jastrow0.5_width0.75_a1.0_tp2.00e+03",
  "model_config": {
    "dim": 3,
    "N": 10,
    "rho_hidden": [
      32,
      32
    ],
    "phi_hidden": [
      8,
      8
    ],
    "eta_hidden": [
      8,
      8,
      8
    ],
    "phi_output": 4,
    "eta_output": 4,
    "activation_function": "GELU",
    "alpha": 0.5,
    "beta": 2.82843,
    "trainable_alpha": false,
    "a": 1.0,
    "omega_z": 2.82843,
    "omega_ho": 1.0,
    "trainable_energy": false,
    "beta_jastrow": 0.5,
    "trainable_beta_jastrow": false
  },
  "training_points": 2000,
  "batch_size": 100,
  "width": 0.75,
  "val_seed": 42,
  "val_points": 10000,
  "seed": 17,
  "energy_parameter_final": 58.09000015258789,
  "energy_parameter_history": [
    58.09000015258789,
    58.09000015258789,
    58.09000015258789,
    58.09000015258789,
    58.09000015258789,
    58.09000015258789,
    58.09000015258789,
    58.09000015258789,
    58.09000015258789,
    58.09000015258789,
    58.09000015258789,
    58.09000015258789,
    58.09000015258789,
    58.09000015258789,
    58.09000015258789,
    58.09000015258789,
    58.09000015258789,
    58.09000015258789,
    58.09000015258789,
    58.09000015258789,
    58.09000015258789,
    58.09000015258789,
    58.09000015258789,
    58.09000015258789,
    58.09000015258789
  ],
  "alpha_initial": 0.5,
  "alpha_final": 0.5,
  "alpha_history": [
    0.5,
    0.5,
    0.5,
    0.5,
    0.5,
    0.5,
    0.5,
    0.5,
    0.5,
    0.5,
    0.5,
    0.5,
    0.5,
    0.5,
    0.5,
    0.5,
    0.5,
    0.5,
    0.5,
    0.5,
    0.5,
    0.5,
    0.5,
    0.5,
    0.5
  ],
  "a": 1.0,
  "beta": 2.828429937362671,
  "energy_std_val_final": 1.0376343054189305,
  "learning_rate": 0.001,
  "final_learning_rate": 0.0002856078805640318,
  "energy_mean_val_final": 58.3098258972168,
  "energy_var_val_final": 1.0766849517822266,
  "energy_mean_val_history": [
    38.21360778808594,
    58.721588134765625,
    53.05595779418945,
    56.449607849121094,
    58.83578109741211,
    57.817481994628906,
    58.430580139160156,
    58.248748779296875,
    57.80030059814453,
    58.470069885253906,
    58.32421112060547,
    58.195106506347656,
    58.36574935913086,
    57.981475830078125,
    58.06472396850586,
    57.637451171875,
    58.1036376953125,
    57.650142669677734,
    58.107582092285156,
    57.98478698730469,
    58.03245162963867,
    58.27731704711914,
    58.09944534301758,
    58.11819839477539,
    58.3098258972168
  ],
  "energy_std_val_history": [
    14.804405212402344,
    4.155436038970947,
    3.627474069595337,
    2.815429925918579,
    2.7312512397766113,
    2.0290591716766357,
    1.8288246393203735,
    1.6648132801055908,
    1.4836384057998657,
    1.4586822986602783,
    1.3882648944854736,
    1.4765390157699585,
    1.3376742601394653,
    1.1208666563034058,
    1.1049925088882446,
    1.1307203769683838,
    1.0800741910934448,
    1.0465341806411743,
    1.025605320930481,
    1.0052385330200195,
    1.0022227764129639,
    1.0402833223342896,
    0.9860579371452332,
    1.015112280845642,
    1.0376343727111816
  ],
  "energy_var_val_history": [
    219.17041015625,
    17.26764678955078,
    13.158567428588867,
    7.926645278930664,
    7.459732532501221,
    4.117081165313721,
    3.3445992469787598,
    2.7716033458709717,
    2.2011830806732178,
    2.127753973007202,
    1.9272793531417847,
    2.1801674365997314,
    1.7893723249435425,
    1.2563421726226807,
    1.2210084199905396,
    1.2785284519195557,
    1.166560173034668,
    1.0952337980270386,
    1.0518662929534912,
    1.0105046033859253,
    1.0044505596160889,
    1.0821895599365234,
    0.9723103046417236,
    1.0304529666900635,
    1.0766849517822266
  ],
  "epochs": [
    0,
    1,
    2,
    3,
    4,
    5,
    6,
    7,
    8,
    9,
    10,
    11,
    12,
    13,
    14,
    15,
    16,
    17,
    18,
    19,
    20,
    21,
    22,
    23,
    24,
    25,
    26,
    27,
    28,
    29,
    30,
    31,
    32,
    33,
    34,
    35,
    36,
    37,
    38,
    39,
    40,
    41,
    42,
    43,
    44,
    45,
    46,
    47,
    48,
    49,
    50,
    51,
    52,
    53,
    54,
    55,
    56,
    57,
    58,
    59,
    60,
    61,
    62,
    63,
    64,
    65,
    66,
    67,
    68,
    69,
    70,
    71,
    72,
    73,
    74,
    75,
    76,
    77,
    78,
    79,
    80,
    81,
    82,
    83,
    84,
    85,
    86,
    87,
    88,
    89,
    90,
    91,
    92,
    93,
    94,
    95,
    96,
    97,
    98,
    99,
    100,
    101,
    102,
    103,
    104,
    105,
    106,
    107,
    108,
    109,
    110,
    111,
    112,
    113,
    114,
    115,
    116,
    117,
    118,
    119,
    120,
    121,
    122,
    123,
    124,
    125,
    126,
    127,
    128,
    129,
    130,
    131,
    132,
    133,
    134,
    135,
    136,
    137,
    138,
    139,
    140,
    141,
    142,
    143,
    144,
    145,
    146,
    147,
    148,
    149,
    150,
    151,
    152,
    153,
    154,
    155,
    156,
    157,
    158,
    159,
    160,
    161,
    162,
    163,
    164,
    165,
    166,
    167,
    168,
    169,
    170,
    171,
    172,
    173,
    174,
    175,
    176,
    177,
    178,
    179,
    180,
    181,
    182,
    183,
    184,
    185,
    186,
    187,
    188,
    189,
    190,
    191,
    192,
    193,
    194,
    195,
    196,
    197,
    198,
    199,
    200,
    201,
    202,
    203,
    204,
    205,
    206,
    207,
    208,
    209,
    210,
    211,
    212,
    213,
    214,
    215,
    216,
    217,
    218,
    219,
    220,
    221,
    222,
    223,
    224,
    225,
    226,
    227,
    228,
    229,
    230,
    231,
    232,
    233,
    234,
    235,
    236,
    237,
    238,
    239,
    240,
    241,
    242,
    243,
    244,
    245,
    246,
    247,
    248,
    249
  ],