{
  "model_name": "10N_beta2.82843_long_jastrow0.5_width0.7_a1.0_tp2.00e+03",
  "model_config": {
    "dim": 3,
    "N": 10,
    "rho_hidden": [
      32,
      32
    ],
    "phi_hidden": [
      8,
      8
    ],
    "eta_hidden": [
      8,
      8,
      8
    ],
    "phi_output": 4,
    "eta_output": 4,
    "activation_function": "GELU",
    "alpha": 0.5,
    "beta": 2.82843,
    "trainable_alpha": false,
    "a": 1.0,
    "omega_z": 2.82843,
    "omega_ho": 1.0,
    "trainable_energy": false,
    "beta_jastrow": 0.5,
    "trainable_beta_jastrow": false
  },
  "training_points": 2000,
  "batch_size": 100,
  "width": 0.7,
  "val_seed": 42,
  "val_points": 10000,
  "seed": 17,
  "energy_parameter_final": 58.09000015258789,
  "energy_parameter_history": [
    58.09000015258789,
    58.09000015258789,
    58.09000015258789,
    58.09000015258789,
    58.09000015258789,
    58.09000015258789,
    58.09000015258789,
    58.09000015258789,
    58.09000015258789,
    58.09000015258789,
    58.09000015258789,
    58.09000015258789,
    58.09000015258789,
    58.09000015258789,
    58.09000015258789,
    58.09000015258789,
    58.09000015258789,
    58.09000015258789,
    58.09000015258789,
    58.09000015258789,
    58.09000015258789,
    58.09000015258789,
    58.09000015258789,
    58.09000015258789,
    58.09000015258789,
    58.09000015258789,
    58.09000015258789,
    58.09000015258789,
    58.09000015258789,
    58.09000015258789,
    58.09000015258789,
    58.09000015258789,
    58.09000015258789,
    58.09000015258789,
    58.09000015258789,
    58.09000015258789,
    58.09000015258789,
    58.09000015258789,
    58.09000015258789,
    58.09000015258789
  ],
  "alpha_initial": 0.5,
  "alpha_final": 0.5,
  "alpha_history": [
    0.5,
    0.5,
    0.5,
    0.5,
    0.5,
    0.5,
    0.5,
    0.5,
    0.5,
    0.5,
    0.5,
    0.5,
    0.5,
    0.5,
    0.5,
    0.5,
    0.5,
    0.5,
    0.5,
    0.5,
    0.5,
    0.5,
    0.5,
    0.5,
    0.5,
    0.5,
    0.5,
    0.5,
    0.5,
    0.5,
    0.5,
    0.5,
    0.5,
    0.5,
    0.5,
    0.5,
    0.5,
    0.5,
    0.5,
    0.5
  ],
  "a": 1.0,
  "beta": 2.828429937362671,
  "energy_std_val_final": 0.7183375626488938,
  "learning_rate": 0.001,
  "final_learning_rate": 0.00013465804292601329,
  "energy_mean_val_final": 57.7786750793457,
  "energy_var_val_final": 0.5160088539123535,
  "energy_mean_val_history": [
    50.844383239746094,
    57.716461181640625,
    57.37140655517578,
    56.51600646972656,
    56.7052001953125,
    57.48020553588867,
    57.55620574951172,
    58.674076080322266,
    58.98612976074219,
    57.79743576049805,
    57.51067352294922,
    57.36112594604492,
    58.22665023803711,
    58.80339431762695,
    58.181400299072266,
    57.55685043334961,
    58.72346115112305,
    57.94297409057617,
    57.82695007324219,
    57.783138275146484,
    58.019901275634766,
    58.23176193237305,
    57.769412994384766,
    58.254661560058594,
    58.32902526855469,
    58.07216262817383,
    57.71470642089844,
    58.140174865722656,
    58.068607330322266,
    58.417293548583984,
    57.95423889160156,
    57.928951263427734,
    58.0958366394043,
    58.217411041259766,
    58.11567687988281,
    57.89261245727539,
    58.17096710205078,
    58.003360748291016,
    57.807926177978516,
    57.7786750793457
  ],
  "energy_std_val_history": [
    17.500484466552734,
    3.8822922706604004,
    2.512777328491211,
    2.45627760887146,
    2.0141658782958984,
    1.6767017841339111,
    1.419344186782837,
    1.3580375909805298,
    1.6025900840759277,
    1.127872347831726,
    1.1770671606063843,
    1.0994927883148193,
    1.0146338939666748,
    1.0731465816497803,
    1.0491219758987427,
    0.9627895355224609,
    1.0220519304275513,
    0.8874602913856506,
    0.8903527855873108,
    0.8502413630485535,
    0.9088316559791565,
    0.7939156889915466,
    0.7760670781135559,
    0.790166974067688,
    0.8063257932662964,
    0.7480939626693726,
    0.8352548480033875,
    0.7546542882919312,
    0.7304391264915466,
    0.7379164695739746,
    0.728594958782196,
    0.7126787304878235,
    0.7028740048408508,
    0.718245804309845,
    0.6866045594215393,
    0.6856626868247986,
    0.6981897950172424,
    0.6754381060600281,
    0.689796507358551,
    0.7183375358581543
  ],
  "energy_var_val_history": [
    306.2669372558594,
    15.072193145751953,
    6.314050197601318,
    6.033299446105957,
    4.056864261627197,
    2.811328887939453,
    2.014537811279297,
    1.8442659378051758,
    2.5682947635650635,
    1.2720959186553955,
    1.3854871988296509,
    1.208884358406067,
    1.0294820070266724,
    1.1516436338424683,
    1.1006568670272827,
    0.926963746547699,
    1.0445902347564697,
    0.7875857353210449,
    0.792728066444397,
    0.7229103446006775,
    0.8259749412536621,
    0.6303021311759949,
    0.6022801399230957,
    0.6243638396263123,
    0.6501613259315491,
    0.5596445202827454,
    0.6976506114006042,
    0.569503128528595,
    0.5335413217544556,
    0.5445207357406616,
    0.5308505892753601,
    0.507910966873169,
    0.4940318465232849,
    0.5158770680427551,
    0.47142577171325684,
    0.47013330459594727,
    0.48746898770332336,
    0.4562166631221771,
    0.4758191704750061,
    0.5160088539123535
  ],