{
  "model_name": "10N_beta2.82843_lr0.001_a1.0_32_tp1.00e+03",
  "model_config": {
    "dim": 3,
    "N": 10,
    "rho_hidden": [
      32,
      32,
      32,
      32
    ],
    "phi_hidden": [
      2
    ],
    "eta_hidden": [
      2
    ],
    "phi_output": 4,
    "eta_output": 4,
    "activation_function": "GELU",
    "alpha": 0.5,
    "beta": 2.82843,
    "trainable_alpha": false,
    "a": 1.0,
    "omega_z": 2.82843,
    "omega_ho": 1.0,
    "trainable_energy": false
  },
  "training_points": 1000,
  "batch_size": 100,
  "width": 2.0,
  "val_seed": 42,
  "val_points": 10000,
  "seed": 17,
  "energy_parameter_final": 24.405000686645508,
  "energy_parameter_history": [
    24.405000686645508,
    24.405000686645508,
    24.405000686645508,
    24.405000686645508,
    24.405000686645508,
    24.405000686645508,
    24.405000686645508,
    24.405000686645508,
    24.405000686645508,
    24.405000686645508,
    24.405000686645508,
    24.405000686645508,
    24.405000686645508,
    24.405000686645508,
    24.405000686645508,
    24.405000686645508,
    24.405000686645508,
    24.405000686645508,
    24.405000686645508,
    24.405000686645508
  ],
  "alpha_initial": 0.5,
  "alpha_final": 0.5,
  "alpha_history": [
    0.5,
    0.5,
    0.5,
    0.5,
    0.5,
    0.5,
    0.5,
    0.5,
    0.5,
    0.5,
    0.5,
    0.5,
    0.5,
    0.5,
    0.5,
    0.5,
    0.5,
    0.5,
    0.5,
    0.5
  ],
  "a": 1.0,
  "beta": 2.828429937362671,
  "energy_std_val_final": 2986.8496781726394,
  "learning_rate": 0.001,
  "final_learning_rate": 0.000366957821726167,
  "energy_mean_val_final": 17.899744033813477,
  "energy_var_val_final": 8921271.0,
  "energy_mean_val_history": [
    12.57888412475586,
    -20.132963180541992,
    34.390193939208984,
    41.52206802368164,
    27.7552433013916,
    49.44236755371094,
    51.69893264770508,
    59.73556137084961,
    33.46245193481445,
    7.238534450531006,
    34.187835693359375,
    56.702598571777344,
    36.380435943603516,
    23.63539695739746,
    50.60609817504883,
    46.11864471435547,
    52.78634262084961,
    62.766937255859375,
    45.153167724609375,
    17.899744033813477
  ],
  "energy_std_val_history": [
    2995.3486328125,
    3004.357666015625,
    2998.244140625,
    2996.35791015625,
    2992.576416015625,
    2996.563720703125,
    2993.43017578125,
    3002.127197265625,
    2989.42822265625,
    2990.80078125,
    2987.798828125,
    2991.66162109375,
    2987.072509765625,
    2985.759765625,
    2989.46533203125,
    2987.989501953125,
    2988.587646484375,
    2994.990966796875,
    2990.47900390625,
    2986.849609375
  ],
  "energy_var_val_history": [
    8972113.0,
    9026165.0,
    8989468.0,
    8978161.0,
    8955514.0,
    8979395.0,
    8960624.0,
    9012768.0,
    8936682.0,
    8944889.0,
    8926942.0,
    8950039.0,
    8922602.0,
    8914761.0,
    8936903.0,
    8928081.0,
    8931656.0,
    8969971.0,
    8942965.0,
    8921271.0
  ],
  "epochs": [
    0,
    1,
    2,
    3,
    4,
    5,
    6,
    7,
    8,
    9,
    10,
    11,
    12,
    13,
    14,
    15,
    16,
    17,
    18,
    19,
    20,
    21,
    22,
    23,
    24,
    25,
    26,
    27,
    28,
    29,
    30,
    31,
    32,
    33,
    34,
    35,
    36,
    37,
    38,
    39,
    40,
    41,
    42,
    43,
    44,
    45,
    46,
    47,
    48,
    49,
    50,
    51,
    52,
    53,
    54,
    55,
    56,
    57,
    58,
    59,
    60,
    61,
    62,
    63,
    64,
    65,
    66,
    67,
    68,
    69,
    70,
    71,
    72,
    73,
    74,
    75,
    76,
    77,
    78,
    79,
    80,
    81,
    82,
    83,
    84,
    85,
    86,
    87,
    88,
    89,
    90,
    91,
    92,
    93,
    94,
    95,
    96,
    97,
    98,
    99,
    100,
    101,
    102,
    103,
    104,
    105,
    106,
    107,
    108,
    109,
    110,
    111,
    112,
    113,
    114,
    115,
    116,
    117,
    118,
    119,
    120,
    121,
    122,
    123,
    124,
    125,
    126,
    127,
    128,
    129,
    130,
    131,
    132,
    133,
    134,
    135,
    136,
    137,
    138,
    139,
    140,
    141,
    142,
    143,
    144,
    145,
    146,
    147,
    148,
    149,
    150,
    151,
    152,
    153,
    154,
    155,
    156,
    157,
    158,
    159,
    160,
    161,
    162,
    163,
    164,
    165,
    166,
    167,
    168,
    169,
    170,
    171,
    172,
    173,
    174,
    175,
    176,
    177,
    178,
    179,
    180,
    181,
    182,
    183,
    184,
    185,
    186,
    187,
    188,
    189,
    190,
    191,
    192,
    193,
    194,
    195,
    196,
    197,
    198,
    199
  ],