{
  "model_name": "10N_beta2.82843_jastrow0.4_width0.7_a1.0_tp2.00e+03",
  "model_config": {
    "dim": 3,
    "N": 10,
    "rho_hidden": [
      32,
      32
    ],
    "phi_hidden": [
      8,
      8
    ],
    "eta_hidden": [
      8,
      8,
      8
    ],
    "phi_output": 4,
    "eta_output": 4,
    "activation_function": "GELU",
    "alpha": 0.5,
    "beta": 2.82843,
    "trainable_alpha": false,
    "a": 1.0,
    "omega_z": 2.82843,
    "omega_ho": 1.0,
    "trainable_energy": false,
    "beta_jastrow": 0.4,
    "trainable_beta_jastrow": false
  },
  "training_points": 2000,
  "batch_size": 100,
  "width": 0.7,
  "val_seed": 42,
  "val_points": 10000,
  "seed": 17,
  "energy_parameter_final": 58.09000015258789,
  "energy_parameter_history": [
    58.09000015258789,
    58.09000015258789,
    58.09000015258789,
    58.09000015258789,
    58.09000015258789,
    58.09000015258789,
    58.09000015258789,
    58.09000015258789,
    58.09000015258789,
    58.09000015258789,
    58.09000015258789,
    58.09000015258789,
    58.09000015258789,
    58.09000015258789,
    58.09000015258789,
    58.09000015258789,
    58.09000015258789,
    58.09000015258789,
    58.09000015258789,
    58.09000015258789,
    58.09000015258789,
    58.09000015258789,
    58.09000015258789,
    58.09000015258789,
    58.09000015258789
  ],
  "alpha_initial": 0.5,
  "alpha_final": 0.5,
  "alpha_history": [
    0.5,
    0.5,
    0.5,
    0.5,
    0.5,
    0.5,
    0.5,
    0.5,
    0.5,
    0.5,
    0.5,
    0.5,
    0.5,
    0.5,
    0.5,
    0.5,
    0.5,
    0.5,
    0.5,
    0.5,
    0.5,
    0.5,
    0.5,
    0.5,
    0.5
  ],
  "a": 1.0,
  "beta": 2.828429937362671,
  "energy_std_val_final": 0.7572540506485675,
  "learning_rate": 0.001,
  "final_learning_rate": 0.0002856078805640318,
  "energy_mean_val_final": 57.96477508544922,
  "energy_var_val_final": 0.5734336972236633,
  "energy_mean_val_history": [
    55.2371940612793,
    55.39061737060547,
    57.97446060180664,
    57.438114166259766,
    58.015724182128906,
    57.392086029052734,
    57.19136428833008,
    58.08662033081055,
    58.439212799072266,
    57.639549255371094,
    57.91691207885742,
    58.19873809814453,
    57.79338073730469,
    57.72249984741211,
    57.75685119628906,
    57.82551956176758,
    57.541473388671875,
    57.82406234741211,
    57.94013595581055,
    58.25486373901367,
    58.467376708984375,
    58.026161193847656,
    58.326961517333984,
    58.0838508605957,
    57.96477508544922
  ],
  "energy_std_val_history": [
    15.329315185546875,
    4.972315788269043,
    3.5617284774780273,
    2.089355945587158,
    1.485791563987732,
    1.5669200420379639,
    1.217268705368042,
    1.1653169393539429,
    1.184102177619934,
    1.0831494331359863,
    1.0037150382995605,
    0.9739991426467896,
    1.0946437120437622,
    0.9437188506126404,
    0.9159872531890869,
    0.8999844789505005,
    0.9211415648460388,
    0.9819695949554443,
    0.8407103419303894,
    0.822975754737854,
    0.9069598317146301,
    0.7987995147705078,
    0.8114927411079407,
    0.8209397196769714,
    0.7572540640830994
  ],
  "energy_var_val_history": [
    234.98789978027344,
    24.723926544189453,
    12.68591022491455,
    4.365407943725586,
    2.2075767517089844,
    2.4552385807037354,
    1.4817429780960083,
    1.3579634428024292,
    1.4020980596542358,
    1.1732127666473389,
    1.0074437856674194,
    0.9486743211746216,
    1.1982449293136597,
    0.8906053304672241,
    0.8390326499938965,
    0.8099721074104309,
    0.8485017418861389,
    0.9642642736434937,
    0.7067939043045044,
    0.6772891283035278,
    0.8225761651992798,
    0.6380806565284729,
    0.6585204601287842,
    0.6739420294761658,
    0.5734336972236633
  ],
  "epochs": [
    0,
    1,
    2,
    3,
    4,
    5,
    6,
    7,
    8,
    9,
    10,
    11,
    12,
    13,
    14,
    15,
    16,
    17,
    18,
    19,
    20,
    21,
    22,
    23,
    24,
    25,
    26,
    27,
    28,
    29,
    30,
    31,
    32,
    33,
    34,
    35,
    36,
    37,
    38,
    39,
    40,
    41,
    42,
    43,
    44,
    45,
    46,
    47,
    48,
    49,
    50,
    51,
    52,
    53,
    54,
    55,
    56,
    57,
    58,
    59,
    60,
    61,
    62,
    63,
    64,
    65,
    66,
    67,
    68,
    69,
    70,
    71,
    72,
    73,
    74,
    75,
    76,
    77,
    78,
    79,
    80,
    81,
    82,
    83,
    84,
    85,
    86,
    87,
    88,
    89,
    90,
    91,
    92,
    93,
    94,
    95,
    96,
    97,
    98,
    99,
    100,
    101,
    102,
    103,
    104,
    105,
    106,
    107,
    108,
    109,
    110,
    111,
    112,
    113,
    114,
    115,
    116,
    117,
    118,
    119,
    120,
    121,
    122,
    123,
    124,
    125,
    126,
    127,
    128,
    129,
    130,
    131,
    132,
    133,
    134,
    135,
    136,
    137,
    138,
    139,
    140,
    141,
    142,
    143,
    144,
    145,
    146,
    147,
    148,
    149,
    150,
    151,
    152,
    153,
    154,
    155,
    156,
    157,
    158,
    159,
    160,
    161,
    162,
    163,
    164,
    165,
    166,
    167,
    168,
    169,
    170,
    171,
    172,
    173,
    174,
    175,
    176,
    177,
    178,
    179,
    180,
    181,
    182,
    183,
    184,
    185,
    186,
    187,
    188,
    189,
    190,
    191,
    192,
    193,
    194,
    195,
    196,
    197,
    198,
    199,
    200,
    201,
    202,
    203,
    204,
    205,
    206,
    207,
    208,
    209,
    210,
    211,
    212,
    213,
    214,
    215,
    216,
    217,
    218,
    219,
    220,
    221,
    222,
    223,
    224,
    225,
    226,
    227,
    228,
    229,
    230,
    231,
    232,
    233,
    234,
    235,
    236,
    237,
    238,
    239,
    240,
    241,
    242,
    243,
    244,
    245,
    246,
    247,
    248,
    249
  ],