{
  "model_name": "10N_beta2.82843_lr0.001_a0.0043_tp1.00e+03",
  "model_config": {
    "dim": 3,
    "N": 10,
    "rho_hidden": [
      32,
      32,
      32,
      32
    ],
    "phi_hidden": [
      8
    ],
    "eta_hidden": [
      8
    ],
    "phi_output": 4,
    "eta_output": 4,
    "activation_function": "GELU",
    "alpha": 0.5,
    "beta": 2.82843,
    "trainable_alpha": false,
    "a": 0.0043,
    "omega_z": 2.82843,
    "omega_ho": 1.0
  },
  "training_points": 1000,
  "batch_size": 100,
  "width": 0.75,
  "val_seed": 42,
  "val_points": 1000,
  "seed": 17,
  "energy_parameter_final": 24.141956329345703,
  "energy_parameter_history": [
    24.14212989807129,
    24.142005920410156,
    24.141956329345703,
    24.141956329345703,
    24.141956329345703,
    24.141956329345703,
    24.141956329345703,
    24.141956329345703,
    24.141956329345703,
    24.141956329345703
  ],
  "alpha_initial": 0.5,
  "alpha_final": 0.5,
  "alpha_history": [
    0.5,
    0.5,
    0.5,
    0.5,
    0.5,
    0.5,
    0.5,
    0.5,
    0.5,
    0.5
  ],
  "a": 0.0043,
  "beta": 2.828429937362671,
  "energy_std_val_final": 2.468313444144589,
  "learning_rate": 0.001,
  "final_learning_rate": 0.00036603234127322915,
  "energy_mean_val_final": 23.918270111083984,
  "energy_var_val_final": 6.092571258544922,
  "energy_mean_val_history": [
    -458.1715087890625,
    19.96919059753418,
    24.543546676635742,
    21.880844116210938,
    21.91250228881836,
    21.95445442199707,
    24.287281036376953,
    21.87125015258789,
    23.558927536010742,
    23.918270111083984
  ],
  "energy_std_val_history": [
    167.02346801757812,
    4.356681823730469,
    5.9927287101745605,
    3.043492317199707,
    2.7858283519744873,
    2.455418586730957,
    3.1861863136291504,
    2.268261194229126,
    2.3767476081848145,
    2.468313455581665
  ],
  "energy_var_val_history": [
    27896.83984375,
    18.98067855834961,
    35.91279602050781,
    9.262845039367676,
    7.760838985443115,
    6.029080867767334,
    10.151782989501953,
    5.145008563995361,
    5.648929119110107,
    6.092571258544922
  ],
  "epochs": [
    0,
    1,
    2,
    3,
    4,
    5,
    6,
    7,
    8,
    9,
    10,
    11,
    12,
    13,
    14,
    15,
    16,
    17,
    18,
    19,
    20,
    21,
    22,
    23,
    24,
    25,
    26,
    27,
    28,
    29,
    30,
    31,
    32,
    33,
    34,
    35,
    36,
    37,
    38,
    39,
    40,
    41,
    42,
    43,
    44,
    45,
    46,
    47,
    48,
    49,
    50,
    51,
    52,
    53,
    54,
    55,
    56,
    57,
    58,
    59,
    60,
    61,
    62,
    63,
    64,
    65,
    66,
    67,
    68,
    69,
    70,
    71,
    72,
    73,
    74,
    75,
    76,
    77,
    78,
    79,
    80,
    81,
    82,
    83,
    84,
    85,
    86,
    87,
    88,
    89,
    90,
    91,
    92,
    93,
    94,
    95,
    96,
    97,
    98,
    99
  ],
  "train_loss": [
    8466822.96875,
    50087.14594726563,
    2673.0244873046877,
    618.1673248291015,
    279.5993591308594,
    181.53985977172852,
    78.66113357543945,
    49.16139392852783,
    40.58689022064209,
    43.032409858703616,
    35.70285911560059,
    30.95897102355957,
    32.49974689483643,
    32.967756271362305,
    23.895464134216308,
    30.8563440322876,
    26.019764995574953,
    23.092510795593263,
    24.590684795379637,
    29.657427406311037,
    36.56200046539307,
    37.581145477294925,
    31.014448738098146,
    25.69791660308838,
    19.06656141281128,
    23.095373153686523,
    32.76050796508789,
    17.153403949737548,
    18.865646839141846,
    13.759941387176514,
    15.604754161834716,
    15.385221767425538,
    16.889880847930907,
    13.438126564025879,
    11.51839084625244,
    11.847595977783204,
    12.631326007843018,
    13.780655479431152,
    12.567003393173218,
    10.949313640594482,
    12.399052619934082,
    21.639103126525878,
    15.702686262130737,
    17.000968265533448,
    15.71570873260498,
    22.85614757537842,
    30.195126438140868,
    14.016750764846801,
    10.742928791046143,
    12.658977508544922,
    10.741842794418336,
    11.392671489715577,
    9.342551851272583,
    8.50389928817749,
    9.029351806640625,
    8.65959210395813,
    8.843333768844605,
    8.513332509994507,
    10.303164052963258,
    8.518143892288208,
    10.1819748878479,
    9.70604977607727,
    10.591531610488891,
    9.347717142105102,
    8.879670000076294,
    8.006861400604247,
    11.400564265251159,
    8.178011703491212,
    9.592241621017456,
    8.70073676109314,
    7.799064373970031,
    8.192259883880615,
    7.358889245986939,
    6.9669746398925785,
    9.596462154388428,
    8.01212420463562,
    7.952800846099853,
    8.150744581222535,
    7.037848091125488,
    8.060528373718261,
    8.95745141506195,
    6.721652984619141,
    7.153179597854614,
    7.202803254127502,
    7.152652406692505,
    6.744979643821717,
    7.045866918563843,
    7.491853332519531,
    6.882195043563843,
    6.521849751472473,
    5.948484325408936,
    6.107339477539062,
    6.687766146659851,
    6.03958215713501,
    7.324392032623291,
    5.615026044845581,
    6.94426703453064,
    5.321583104133606,
    6.018907356262207,
    6.336309266090393
  ],
  "val_loss": [
    260495.375,
    36.37406921386719,
    36.03815460205078,
    14.366229057312012,
    12.723541259765625,
    10.808213233947754,
    10.162751197814941,
    10.295980453491211,
    5.98320198059082,
    6.136514186859131
  ],
  "epochs_val": [
    0,
    10,
    20,
    30,
    40,
    50,
    60,
    70,
    80,
    90
  ]
}