{
  "model_name": "10N_beta2.82843_lr0.001_a1.0_32_tp1.00e+04",
  "model_config": {
    "dim": 3,
    "N": 10,
    "rho_hidden": [
      32,
      32
    ],
    "phi_hidden": [
      8,
      8
    ],
    "eta_hidden": [
      8,
      8
    ],
    "phi_output": 4,
    "eta_output": 4,
    "activation_function": "GELU",
    "alpha": 0.5,
    "beta": 2.82843,
    "trainable_alpha": false,
    "a": 1.0,
    "omega_z": 2.82843,
    "omega_ho": 1.0,
    "trainable_energy": false,
    "beta_jastrow": 0.4,
    "trainable_beta_jastrow": true
  },
  "training_points": 10000,
  "batch_size": 1000,
  "width": 1.1,
  "val_seed": 42,
  "val_points": 10000,
  "seed": 17,
  "energy_parameter_final": 58.09000015258789,
  "energy_parameter_history": [
    58.09000015258789,
    58.09000015258789,
    58.09000015258789,
    58.09000015258789,
    58.09000015258789,
    58.09000015258789,
    58.09000015258789,
    58.09000015258789,
    58.09000015258789,
    58.09000015258789
  ],
  "alpha_initial": 0.5,
  "alpha_final": 0.5,
  "alpha_history": [
    0.5,
    0.5,
    0.5,
    0.5,
    0.5,
    0.5,
    0.5,
    0.5,
    0.5,
    0.5
  ],
  "a": 1.0,
  "beta": 2.828429937362671,
  "energy_std_val_final": 3.4929853718361503,
  "learning_rate": 0.001,
  "final_learning_rate": 0.0006057704364907278,
  "energy_mean_val_final": 57.74314498901367,
  "energy_var_val_final": 12.200946807861328,
  "energy_mean_val_history": [
    23.680118560791016,
    50.50197982788086,
    51.88628005981445,
    54.882511138916016,
    54.48982620239258,
    57.02812576293945,
    55.96826171875,
    57.1226692199707,
    55.780513763427734,
    57.74314498901367
  ],
  "energy_std_val_history": [
    66.3719253540039,
    11.452495574951172,
    6.263891696929932,
    5.556404113769531,
    4.890250205993652,
    4.930570125579834,
    4.146826267242432,
    4.072207927703857,
    3.689870595932007,
    3.492985486984253
  ],
  "energy_var_val_history": [
    4405.232421875,
    131.15965270996094,
    39.2363395690918,
    30.873626708984375,
    23.9145450592041,
    24.310522079467773,
    17.1961669921875,
    16.58287811279297,
    13.615145683288574,
    12.200946807861328
  ],
  "epochs": [
    0,
    1,
    2,
    3,
    4,
    5,
    6,
    7,
    8,
    9,
    10,
    11,
    12,
    13,
    14,
    15,
    16,
    17,
    18,
    19,
    20,
    21,
    22,
    23,
    24,
    25,
    26,
    27,
    28,
    29,
    30,
    31,
    32,
    33,
    34,
    35,
    36,
    37,
    38,
    39,
    40,
    41,
    42,
    43,
    44,
    45,
    46,
    47,
    48,
    49,
    50,
    51,
    52,
    53,
    54,
    55,
    56,
    57,
    58,
    59,
    60,
    61,
    62,
    63,
    64,
    65,
    66,
    67,
    68,
    69,
    70,
    71,
    72,
    73,
    74,
    75,
    76,
    77,
    78,
    79,
    80,
    81,
    82,
    83,
    84,
    85,
    86,
    87,
    88,
    89,
    90,
    91,
    92,
    93,
    94,
    95,
    96,
    97,
    98,
    99
  ],
  "train_loss": [
    109600.853125,
    4044.2544921875,
    1375.7006896972657,
    801.651953125,
    514.4957061767578,
    419.20555114746094,
    362.97820739746095,
    314.9073944091797,
    259.35457916259764,
    236.34800415039064,
    206.6972915649414,
    180.5013214111328,
    154.71750183105468,
    135.86606674194337,
    126.88636932373046,
    116.45544204711913,
    106.25432662963867,
    93.26453323364258,
    86.60248107910157,
    78.86938095092773,
    71.63731269836425,
    72.49348831176758,
    62.460244750976564,
    56.93188705444336,
    60.16232032775879,
    53.06335258483887,
    51.01495628356933,
    46.16924858093262,
    44.7560230255127,
    43.69504356384277,
    42.85605926513672,
    40.094866561889646,
    40.829545974731445,
    41.38942680358887,
    37.36173515319824,
    38.616933822631836,
    38.000882911682126,
    38.12537803649902,
    37.14159450531006,
    36.970652389526364,
    34.70140151977539,
    38.87889137268066,
    38.0193696975708,
    30.63957118988037,
    29.055998229980467,
    28.726828575134277,
    27.510487365722657,
    30.000819587707518,
    26.503470039367677,
    27.318441963195802,
    26.60703754425049,
    24.554702949523925,
    24.048204231262208,
    23.199203872680663,
    21.850987815856932,
    23.85957736968994,
    24.87630271911621,
    24.79170207977295,
    25.648327445983888,
    21.031448745727538,
    20.976995277404786,
    24.59823703765869,
    21.366025352478026,
    19.81785430908203,
    19.990712451934815,
    22.14600763320923,
    22.732026672363283,
    19.89356861114502,
    20.60630874633789,
    17.227003002166747,
    18.28560838699341,
    19.493758106231688,
    16.38324365615845,
    16.65095682144165,
    15.682559394836426,
    17.959361362457276,
    15.630181789398193,
    15.927628135681152,
    15.328698253631591,
    15.048500633239746,
    14.046964359283447,
    16.710837364196777,
    14.061832427978516,
    13.400041770935058,
    13.5458194732666,
    12.302135944366455,
    12.728583526611327,
    14.448154735565186,
    13.588518428802491,
    15.419965648651123,
    13.726652717590332,
    11.391216659545899,
    12.632699966430664,
    12.527886486053466,
    13.007298755645753,
    11.753779888153076,
    11.259473991394042,
    12.106895160675048,
    10.48969087600708,
    11.390707111358642
  ],
  "val_loss": [
    5588.83203125,
    188.7245635986328,
    77.71853637695312,
    41.158538818359375,
    36.87346267700195,
    25.43565559387207,
    21.69623374938965,
    17.516948699951172,
    18.9475040435791,
    12.320037841796875
  ],
  "epochs_val": [
    0,
    10,
    20,
    30,
    40,
    50,
    60,
    70,
    80,
    90
  ]
}