{
  "model_name": "10N_beta2.82843_lr3_eps16",
  "model_config": {
    "dim": 3,
    "N": 10,
    "rho_hidden": [
      32,
      32,
      32,
      32
    ],
    "phi_hidden": [
      8
    ],
    "eta_hidden": [
      8
    ],
    "phi_output": 4,
    "eta_output": 4,
    "activation_function": "GELU",
    "alpha": 0.5,
    "beta": 2.82843,
    "trainable_alpha": false,
    "a": 0.0,
    "omega_z": 2.82843,
    "omega_ho": 1.0
  },
  "energy_parameter_final": 23.233722686767578,
  "energy_parameter_history": [
    24.127098083496094,
    23.952089309692383,
    23.859405517578125,
    23.806468963623047,
    23.78627586364746,
    23.7574462890625,
    23.66731071472168,
    23.572397232055664,
    23.52297019958496,
    23.466808319091797,
    23.43008804321289,
    23.396881103515625,
    23.370010375976562,
    23.34615707397461,
    23.325254440307617,
    23.303733825683594,
    23.28750228881836,
    23.272808074951172,
    23.257869720458984,
    23.243087768554688
  ],
  "alpha_initial": 0.5,
  "alpha_final": 0.5,
  "alpha_history": [
    0.5,
    0.5,
    0.5,
    0.5,
    0.5,
    0.5,
    0.5,
    0.5,
    0.5,
    0.5,
    0.5,
    0.5,
    0.5,
    0.5,
    0.5,
    0.5,
    0.5,
    0.5,
    0.5,
    0.5
  ],
  "a": 0.0,
  "beta": 2.828429937362671,
  "energy_std_val_final": 1.8086166874726635,
  "learning_rate": 0.001,
  "final_learning_rate": 0.00013397967485796178,
  "energy_mean_val_final": 23.149633407592773,
  "energy_mean_val_history": [
    -8.186939239501953,
    20.95982551574707,
    22.967363357543945,
    23.626726150512695,
    23.573028564453125,
    22.774364471435547,
    22.01019287109375,
    22.676101684570312,
    22.83029556274414,
    23.195636749267578,
    23.108932495117188,
    22.965173721313477,
    23.06204605102539,
    23.21669578552246,
    22.978891372680664,
    23.13764190673828,
    23.244462966918945,
    22.9132080078125,
    23.17046546936035,
    23.149633407592773
  ],
  "energy_var_val_final": 3.27109432220459,
  "energy_var_val_history": [
    383.41204833984375,
    33.90777587890625,
    22.57758903503418,
    18.33626937866211,
    16.438913345336914,
    12.743416786193848,
    8.762763977050781,
    6.918937683105469,
    6.179434299468994,
    5.6164751052856445,
    5.0697197914123535,
    4.561702251434326,
    4.3109636306762695,
    4.624396800994873,
    3.785372018814087,
    3.6787235736846924,
    3.7997965812683105,
    3.3405587673187256,
    3.3443989753723145,
    3.27109432220459
  ],
  "training_points": 15000,
  "epochs": [
    0,
    1,
    2,
    3,
    4,
    5,
    6,
    7,
    8,
    9,
    10,
    11,
    12,
    13,
    14,
    15,
    16,
    17,
    18,
    19,
    20,
    21,
    22,
    23,
    24,
    25,
    26,
    27,
    28,
    29,
    30,
    31,
    32,
    33,
    34,
    35,
    36,
    37,
    38,
    39,
    40,
    41,
    42,
    43,
    44,
    45,
    46,
    47,
    48,
    49,
    50,
    51,
    52,
    53,
    54,
    55,
    56,
    57,
    58,
    59,
    60,
    61,
    62,
    63,
    64,
    65,
    66,
    67,
    68,
    69,
    70,
    71,
    72,
    73,
    74,
    75,
    76,
    77,
    78,
    79,
    80,
    81,
    82,
    83,
    84,
    85,
    86,
    87,
    88,
    89,
    90,
    91,
    92,
    93,
    94,
    95,
    96,
    97,
    98,
    99,
    100,
    101,
    102,
    103,
    104,
    105,
    106,
    107,
    108,
    109,
    110,
    111,
    112,
    113,
    114,
    115,
    116,
    117,
    118,
    119,
    120,
    121,
    122,
    123,
    124,
    125,
    126,
    127,
    128,
    129,
    130,
    131,
    132,
    133,
    134,
    135,
    136,
    137,
    138,
    139,
    140,
    141,
    142,
    143,
    144,
    145,
    146,
    147,
    148,
    149,
    150,
    151,
    152,
    153,
    154,
    155,
    156,
    157,
    158,
    159,
    160,
    161,
    162,
    163,
    164,
    165,
    166,
    167,
    168,
    169,
    170,
    171,
    172,
    173,
    174,
    175,
    176,
    177,
    178,
    179,
    180,
    181,
    182,
    183,
    184,
    185,
    186,
    187,
    188,
    189,
    190,
    191,
    192,
    193,
    194,
    195,
    196,
    197,
    198,
    199
  ],