{
  "model_name": "10N_beta2.82843_lr0.001_a0.0043_64_tp2.00e+04",
  "model_config": {
    "dim": 3,
    "N": 10,
    "rho_hidden": [
      64,
      64,
      64
    ],
    "phi_hidden": [
      8
    ],
    "eta_hidden": [
      8
    ],
    "phi_output": 4,
    "eta_output": 4,
    "activation_function": "GELU",
    "alpha": 0.5,
    "beta": 2.82843,
    "trainable_alpha": true,
    "a": 0.0043,
    "omega_z": 2.82843,
    "omega_ho": 1.0
  },
  "training_points": 20000,
  "batch_size": 1000,
  "width": 0.7,
  "val_seed": 42,
  "val_points": 12000,
  "seed": 17,
  "energy_parameter_final": 24.450563430786133,
  "energy_parameter_history": [
    24.455326080322266,
    24.45360565185547,
    24.452428817749023,
    24.45195770263672,
    24.45159912109375,
    24.451393127441406,
    24.4511661529541,
    24.450950622558594,
    24.45071792602539,
    24.45062828063965
  ],
  "alpha_initial": 0.5,
  "alpha_final": 0.5003094673156738,
  "alpha_history": [
    0.49999234080314636,
    0.5001171827316284,
    0.500176727771759,
    0.5001996755599976,
    0.500219464302063,
    0.5002323985099792,
    0.5002481341362,
    0.5002659559249878,
    0.5002859234809875,
    0.5002997517585754
  ],
  "a": 0.0043,
  "beta": 2.828429937362671,
  "energy_std_val_final": 1.0901667071958074,
  "learning_rate": 0.001,
  "final_learning_rate": 0.00036603234127322915,
  "energy_mean_val_final": 25.027812957763672,
  "energy_var_val_final": 1.1884634494781494,
  "energy_mean_val_history": [
    22.47916603088379,
    23.66263771057129,
    24.033828735351562,
    24.052995681762695,
    23.55596923828125,
    24.227176666259766,
    24.722684860229492,
    24.408164978027344,
    24.553010940551758,
    25.027812957763672
  ],
  "energy_std_val_history": [
    12.780211448669434,
    3.370431423187256,
    2.0188961029052734,
    1.398693323135376,
    1.2797677516937256,
    1.1109888553619385,
    1.0768193006515503,
    1.4319214820861816,
    0.9434970617294312,
    1.090166687965393
  ],
  "energy_var_val_history": [
    163.33380126953125,
    11.359807968139648,
    4.075942039489746,
    1.9563430547714233,
    1.6378055810928345,
    1.2342960834503174,
    1.1595396995544434,
    2.0503990650177,
    0.8901867270469666,
    1.1884634494781494
  ],
  "epochs": [
    0,
    1,
    2,
    3,
    4,
    5,
    6,
    7,
    8,
    9,
    10,
    11,
    12,
    13,
    14,
    15,
    16,
    17,
    18,
    19,
    20,
    21,
    22,
    23,
    24,
    25,
    26,
    27,
    28,
    29,
    30,
    31,
    32,
    33,
    34,
    35,
    36,
    37,
    38,
    39,
    40,
    41,
    42,
    43,
    44,
    45,
    46,
    47,
    48,
    49,
    50,
    51,
    52,
    53,
    54,
    55,
    56,
    57,
    58,
    59,
    60,
    61,
    62,
    63,
    64,
    65,
    66,
    67,
    68,
    69,
    70,
    71,
    72,
    73,
    74,
    75,
    76,
    77,
    78,
    79,
    80,
    81,
    82,
    83,
    84,
    85,
    86,
    87,
    88,
    89,
    90,
    91,
    92,
    93,
    94,
    95,
    96,
    97,
    98,
    99
  ],
  "train_loss": [
    6187.196810913086,
    85.73037471771241,
    38.746526622772215,
    27.69564208984375,
    23.098374366760254,
    22.11714572906494,
    21.924510765075684,
    19.3462375164032,
    17.49029598236084,
    18.229527282714844,
    13.322700881958008,
    10.60479793548584,
    11.073617935180664,
    7.549217629432678,
    7.747140169143677,
    7.621138858795166,
    57.36662175655365,
    7.848078966140747,
    14.921690964698792,
    4.896474051475525,
    3.6469515919685365,
    3.4999934673309325,
    11.664489948749543,
    4.214041697978973,
    3.9791966557502745,
    3.8889564514160155,
    3.5429098129272463,
    2.9092746019363402,
    2.5250076413154603,
    2.890023535490036,
    2.482577520608902,
    2.6230928003787994,
    2.4010418713092805,
    2.114519065618515,
    3.085209995508194,
    207.68112813830376,
    3.0040142834186554,
    2.3593704760074616,
    2.15735918879509,
    2.5286564588546754,
    2.1892513573169707,
    2.683614379167557,
    2.1664979100227355,
    1.9992642104625702,
    2.06944899559021,
    1.8774606585502625,
    1.8770110130310058,
    1.788794106245041,
    1.9288168728351593,
    1.7840278387069701,
    1.716156244277954,
    1.6856614172458648,
    1.7847569942474366,
    2.803464925289154,
    1.670395451784134,
    1.8155899107456208,
    3.3673420757055283,
    1.53892902135849,
    1.7711285412311555,
    1.4868215262889861,
    1.5423589944839478,
    1.4004978090524673,
    1.3978546142578125,
    1.9198735892772674,
    1.4748838275671006,
    1.4847861528396606,
    1.4412182509899139,
    1.623353397846222,
    1.2752846717834472,
    1.1378737688064575,
    1.1823573231697082,
    1.3134155333042146,
    1.47023766040802,
    1.438773587346077,
    1.6588077753782273,
    1.1755305707454682,
    1.3313317745923996,
    1.362096470594406,
    1.215156227350235,
    1.1965951919555664,
    0.9477483570575714,
    1.481424242258072,
    1.2208637118339538,
    1.3089777678251266,
    1.067734944820404,
    0.9855511754751205,
    1.1412938565015793,
    1.3742785692214965,
    1.0594830006361007,
    3.9714958101511,
    1.3582586407661439,
    1.5992163598537446,
    1.817788490653038,
    1.9231641978025436,
    1.7226623594760895,
    1.2439205557107926,
    0.8988007009029388,
    2.3927623987197877,
    0.9251036643981934,
    0.7695614904165268
  ],
  "val_loss": [
    167.22540283203125,
    11.984488487243652,
    4.250827312469482,
    2.1153504848480225,
    2.439826726913452,
    1.284464955329895,
    1.233165979385376,
    2.0520589351654053,
    0.9005762338638306,
    1.521507978439331
  ],
  "epochs_val": [
    0,
    10,
    20,
    30,
    40,
    50,
    60,
    70,
    80,
    90
  ]
}