{
  "model_name": "10N_3D_t10k_epoch",
  "model_config": {
    "dim": 3,
    "N": 10,
    "rho_hidden": [
      32,
      32,
      32,
      32
    ],
    "phi_hidden": [
      8
    ],
    "eta_hidden": [
      8
    ],
    "phi_output": 4,
    "eta_output": 4,
    "activation_function": "GELU",
    "alpha": 0.5,
    "beta": 1.0,
    "trainable_alpha": true,
    "a": 0.0,
    "omega_z": 1.0,
    "omega_ho": 1.0
  },
  "energy_parameter_final": 14.992105484008789,
  "energy_parameter_history": [
    14.999903678894043,
    14.998896598815918,
    14.99780559539795,
    14.996603965759277,
    14.995630264282227,
    14.99479866027832,
    14.994064331054688,
    14.99329948425293,
    14.992696762084961,
    14.992440223693848
  ],
  "alpha_initial": 0.5,
  "alpha_final": 0.4967934191226959,
  "alpha_history": [
    0.49990007281303406,
    0.49897679686546326,
    0.4981985092163086,
    0.49757659435272217,
    0.49727803468704224,
    0.49718523025512695,
    0.4971458613872528,
    0.4970824122428894,
    0.49712806940078735,
    0.49706804752349854
  ],
  "a": 0.0,
  "beta": 1.0,
  "energy_std_val_final": 3.553858264155528,
  "learning_rate": 1e-05,
  "final_learning_rate": 3.660323412732291e-06,
  "energy_mean_val_final": 14.424239158630371,
  "energy_mean_val_history": [
    -135.80322265625,
    -65.98793029785156,
    -27.347814559936523,
    -4.127265453338623,
    6.002969741821289,
    10.042041778564453,
    12.086671829223633,
    13.229745864868164,
    14.158585548400879,
    14.424239158630371
  ],
  "energy_var_val_final": 12.629908561706543,
  "energy_var_val_history": [
    1077.8310546875,
    613.1215209960938,
    414.24188232421875,
    346.74029541015625,
    210.36631774902344,
    117.0865249633789,
    58.08565902709961,
    35.70827102661133,
    22.198057174682617,
    12.629908561706543
  ],
  "training_points": 10000,
  "epochs": [
    0,
    1,
    2,
    3,
    4,
    5,
    6,
    7,
    8,
    9,
    10,
    11,
    12,
    13,
    14,
    15,
    16,
    17,
    18,
    19,
    20,
    21,
    22,
    23,
    24,
    25,
    26,
    27,
    28,
    29,
    30,
    31,
    32,
    33,
    34,
    35,
    36,
    37,
    38,
    39,
    40,
    41,
    42,
    43,
    44,
    45,
    46,
    47,
    48,
    49,
    50,
    51,
    52,
    53,
    54,
    55,
    56,
    57,
    58,
    59,
    60,
    61,
    62,
    63,
    64,
    65,
    66,
    67,
    68,
    69,
    70,
    71,
    72,
    73,
    74,
    75,
    76,
    77,
    78,
    79,
    80,
    81,
    82,
    83,
    84,
    85,
    86,
    87,
    88,
    89,
    90,
    91,
    92,
    93,
    94,
    95,
    96,
    97,
    98,
    99
  ],
  "train_loss": [
    25246.38046875,
    22590.897265625,
    20159.3142578125,
    17913.6220703125,
    15872.822265625,
    14022.7783203125,
    12396.79267578125,
    10976.271875,
    9743.31787109375,
    8672.043798828125,
    7730.5693359375,
    6898.944287109375,
    6158.810888671875,
    5497.616845703125,
    4892.15107421875,
    4354.9408203125,
    3857.56396484375,
    3414.18291015625,
    3016.664794921875,
    2667.3074951171875,
    2359.577392578125,
    2089.565234375,
    1853.347021484375,
    1643.1113159179688,
    1456.0889770507813,
    1294.7571166992188,
    1151.5843017578125,
    1026.717236328125,
    916.4068481445313,
    820.3766723632813,
    731.6569030761718,
    658.0830322265625,
    591.8976196289062,
    535.0810180664063,
    485.68739318847656,
    441.5900512695313,
    402.96815185546876,
    369.40802307128905,
    336.5691223144531,
    308.83867797851565,
    283.2332931518555,
    260.8906219482422,
    239.4823028564453,
    219.87533874511718,
    202.33541717529297,
    187.11585693359376,
    172.65054779052736,
    159.0983688354492,
    147.2404754638672,
    136.1928382873535,
    126.64534530639648,
    117.64449996948242,
    109.88323440551758,
    102.1483055114746,
    95.15164413452149,
    88.41777572631835,
    82.29586410522461,
    75.43048324584962,
    69.73357772827148,
    64.07276649475098,
    59.95335731506348,
    56.2977481842041,
    52.75901756286621,
    49.71131210327148,
    47.04371604919434,
    44.65799331665039,
    42.19075927734375,
    39.938470458984376,
    37.83247814178467,
    36.10650119781494,
    34.39616718292236,
    32.967494583129884,
    31.646293449401856,
    30.347937965393065,
    29.371396923065184,
    28.230509567260743,
    27.25727233886719,
    26.185457229614258,
    25.207353496551512,
    24.19660587310791,
    23.001239776611328,
    21.621053886413574,
    20.11706075668335,
    18.660591983795165,
    17.05165891647339,
    15.784832668304443,
    14.628996086120605,
    13.563474416732788,
    12.669137573242187,
    11.847715950012207,
    11.180477237701416,
    10.63893027305603,
    10.231223964691162,
    9.808116483688355,
    9.50513391494751,
    9.184585475921631,
    8.92148208618164,
    8.723833131790162,
    8.55839114189148,
    8.403535795211791
  ],
  "val_loss": [
    23819.2734375,
    7171.90625,
    2207.33837890625,
    712.4164428710938,
    291.20623779296875,
    141.60072326660156,
    66.53083801269531,
    38.813629150390625,
    22.890836715698242,
    12.951077461242676
  ],
  "epochs_val": [
    0,
    10,
    20,
    30,
    40,
    50,
    60,
    70,
    80,
    90
  ]
}