{
  "model_name": "10N_beta2.82843_lr0.001_a0.0043_64_tp1.00e+04",
  "model_config": {
    "dim": 3,
    "N": 10,
    "rho_hidden": [
      64,
      64,
      64,
      64
    ],
    "phi_hidden": [
      8
    ],
    "eta_hidden": [
      8
    ],
    "phi_output": 4,
    "eta_output": 4,
    "activation_function": "GELU",
    "alpha": 0.5,
    "beta": 2.82843,
    "trainable_alpha": true,
    "a": 0.0043,
    "omega_z": 2.82843,
    "omega_ho": 1.0
  },
  "training_points": 10000,
  "batch_size": 500,
  "width": 0.7,
  "val_seed": 42,
  "val_points": 10000,
  "seed": 17,
  "energy_parameter_final": 24.45180892944336,
  "energy_parameter_history": [
    24.455259323120117,
    24.45443344116211,
    24.453880310058594,
    24.453018188476562,
    24.452539443969727,
    24.452178955078125,
    24.451963424682617,
    24.451900482177734,
    24.451860427856445,
    24.451797485351562
  ],
  "alpha_initial": 0.5,
  "alpha_final": 0.5002787709236145,
  "alpha_history": [
    0.5000020265579224,
    0.5000582337379456,
    0.5000816583633423,
    0.5001243948936462,
    0.5001580715179443,
    0.5001842975616455,
    0.5002095699310303,
    0.5002244114875793,
    0.500248372554779,
    0.5002670884132385
  ],
  "a": 0.0043,
  "beta": 2.828429937362671,
  "energy_std_val_final": 1.0024298710445059,
  "learning_rate": 0.001,
  "final_learning_rate": 0.00036603234127322915,
  "energy_mean_val_final": 23.75617027282715,
  "energy_var_val_final": 1.0048656463623047,
  "energy_mean_val_history": [
    20.40078353881836,
    25.438640594482422,
    22.60027503967285,
    24.902633666992188,
    23.85065269470215,
    24.0191593170166,
    23.999006271362305,
    24.036155700683594,
    23.863826751708984,
    23.75617027282715
  ],
  "energy_std_val_history": [
    5.554990291595459,
    2.8664119243621826,
    1.622048020362854,
    1.6488144397735596,
    1.2734652757644653,
    1.0150136947631836,
    0.9169859886169434,
    0.874914824962616,
    0.9159485101699829,
    1.0024298429489136
  ],
  "energy_var_val_history": [
    30.857919692993164,
    8.216317176818848,
    2.63103985786438,
    2.7185893058776855,
    1.6217137575149536,
    1.0302529335021973,
    0.8408633470535278,
    0.7654759287834167,
    0.8389616012573242,
    1.0048656463623047
  ],
  "epochs": [
    0,
    1,
    2,
    3,
    4,
    5,
    6,
    7,
    8,
    9,
    10,
    11,
    12,
    13,
    14,
    15,
    16,
    17,
    18,
    19,
    20,
    21,
    22,
    23,
    24,
    25,
    26,
    27,
    28,
    29,
    30,
    31,
    32,
    33,
    34,
    35,
    36,
    37,
    38,
    39,
    40,
    41,
    42,
    43,
    44,
    45,
    46,
    47,
    48,
    49,
    50,
    51,
    52,
    53,
    54,
    55,
    56,
    57,
    58,
    59,
    60,
    61,
    62,
    63,
    64,
    65,
    66,
    67,
    68,
    69,
    70,
    71,
    72,
    73,
    74,
    75,
    76,
    77,
    78,
    79,
    80,
    81,
    82,
    83,
    84,
    85,
    86,
    87,
    88,
    89,
    90,
    91,
    92,
    93,
    94,
    95,
    96,
    97,
    98,
    99
  ],
  "train_loss": [
    522.7216894149781,
    95.56896095275879,
    34.43149824142456,
    28.61569309234619,
    20.067961072921754,
    16.16442084312439,
    14.12829942703247,
    13.511682057380677,
    12.237803030014039,
    11.452795362472534,
    10.809391117095947,
    23.149443745613098,
    29.115842723846434,
    27.51164391040802,
    22.148839139938353,
    21.06314915418625,
    21.88092291355133,
    52.11384139060974,
    37.9025226354599,
    15.465804266929627,
    12.396243542432785,
    11.625388395786285,
    6.712921863794326,
    11.997039079666138,
    34064.72933108806,
    47.36452169418335,
    6.573296904563904,
    8.176753026247024,
    15.437439393997192,
    6.0398151755332945,
    24.448971676826478,
    25.583404928445816,
    26.994077545404433,
    4.915201675891876,
    9.032895904779433,
    1.6131446301937102,
    1.3686796486377717,
    1.5074165314435959,
    1.3601336181163788,
    1.7872650265693664,
    3.4550809264183044,
    7.526119422912598,
    6.247635546326637,
    1.930741861462593,
    1.8770835757255555,
    7.942516469955445,
    7.738903117179871,
    9.550727587938308,
    26920.996669572593,
    2.594984915852547,
    2.8460425615310667,
    4.647459176182747,
    3.9761583507061005,
    3.9050395399332047,
    1.164819422364235,
    1.3196229815483094,
    1.1500792056322098,
    1.7605705082416534,
    1.1662171751260757,
    0.9537885963916779,
    1.0936972469091415,
    1.3388951241970062,
    1.7548362657427787,
    1.7506331488490106,
    0.9820417821407318,
    1.0504188865423203,
    0.8563431054353714,
    0.8234324395656586,
    0.7912027031183243,
    0.7564769357442855,
    0.8217994675040246,
    1.3324999570846559,
    0.7432582095265389,
    0.7325860947370529,
    0.6264191657304764,
    0.611444616317749,
    0.938542740046978,
    1.4359510093927383,
    1.178542047739029,
    1.1464897245168686,
    0.9782064735889435,
    1.1055502414703369,
    1.1135605037212373,
    0.9522331148386002,
    5.251308569312096,
    0.6919989049434662,
    0.8138424903154373,
    1.4412595182657242,
    0.8473176091909409,
    0.9579103350639343,
    1.0583696454763412,
    0.8074038788676262,
    0.8703285455703735,
    0.8126581728458404,
    0.7338979825377464,
    0.8046627625823021,
    0.9839217379689217,
    0.7780922681093216,
    0.650000861287117,
    0.7921580389142037
  ],
  "val_loss": [
    47.29361343383789,
    9.184161186218262,
    6.066620826721191,
    2.9204702377319336,
    1.9838179349899292,
    1.2176556587219238,
    1.0459495782852173,
    0.938243567943573,
    1.184661865234375,
    1.488661766052246
  ],
  "epochs_val": [
    0,
    10,
    20,
    30,
    40,
    50,
    60,
    70,
    80,
    90
  ]
}