{
  "model_name": "10N_beta2.82843_jastrow0.1_a1.0_tp1.00e+03",
  "model_config": {
    "dim": 3,
    "N": 10,
    "rho_hidden": [
      32,
      32
    ],
    "phi_hidden": [
      8,
      8
    ],
    "eta_hidden": [
      8,
      8
    ],
    "phi_output": 4,
    "eta_output": 4,
    "activation_function": "GELU",
    "alpha": 0.5,
    "beta": 2.82843,
    "trainable_alpha": false,
    "a": 1.0,
    "omega_z": 2.82843,
    "omega_ho": 1.0,
    "trainable_energy": false,
    "beta_jastrow": 0.1,
    "trainable_beta_jastrow": true
  },
  "training_points": 1000,
  "batch_size": 100,
  "width": 1.0,
  "val_seed": 42,
  "val_points": 10000,
  "seed": 17,
  "energy_parameter_final": 58.09000015258789,
  "energy_parameter_history": [
    58.09000015258789,
    58.09000015258789,
    58.09000015258789,
    58.09000015258789,
    58.09000015258789,
    58.09000015258789,
    58.09000015258789,
    58.09000015258789,
    58.09000015258789,
    58.09000015258789,
    58.09000015258789,
    58.09000015258789,
    58.09000015258789,
    58.09000015258789,
    58.09000015258789,
    58.09000015258789,
    58.09000015258789,
    58.09000015258789,
    58.09000015258789,
    58.09000015258789,
    58.09000015258789,
    58.09000015258789,
    58.09000015258789,
    58.09000015258789,
    58.09000015258789
  ],
  "alpha_initial": 0.5,
  "alpha_final": 0.5,
  "alpha_history": [
    0.5,
    0.5,
    0.5,
    0.5,
    0.5,
    0.5,
    0.5,
    0.5,
    0.5,
    0.5,
    0.5,
    0.5,
    0.5,
    0.5,
    0.5,
    0.5,
    0.5,
    0.5,
    0.5,
    0.5,
    0.5,
    0.5,
    0.5,
    0.5,
    0.5
  ],
  "a": 1.0,
  "beta": 2.828429937362671,
  "energy_std_val_final": 1.9748952113491836,
  "learning_rate": 0.001,
  "final_learning_rate": 0.0002856078805640318,
  "energy_mean_val_final": 57.38583755493164,
  "energy_var_val_final": 3.9002110958099365,
  "energy_mean_val_history": [
    -4.393407821655273,
    51.46033477783203,
    53.27791976928711,
    55.03001403808594,
    55.060848236083984,
    54.691375732421875,
    56.534725189208984,
    57.1027946472168,
    56.159873962402344,
    57.476463317871094,
    57.071144104003906,
    56.9892692565918,
    57.38920593261719,
    57.55388259887695,
    57.709476470947266,
    57.19047546386719,
    58.1640625,
    57.367286682128906,
    57.41151809692383,
    57.920631408691406,
    57.68766784667969,
    57.65542984008789,
    57.46979522705078,
    58.00019836425781,
    57.38583755493164
  ],
  "energy_std_val_history": [
    34.24735641479492,
    10.49277114868164,
    8.00326919555664,
    6.660507678985596,
    5.337099552154541,
    4.543446063995361,
    4.452918529510498,
    4.268723011016846,
    3.5904338359832764,
    3.7394039630889893,
    3.3910207748413086,
    3.1859798431396484,
    3.157778024673462,
    3.027988910675049,
    2.9374358654022217,
    2.704225540161133,
    2.928736686706543,
    2.5270562171936035,
    2.489967107772827,
    2.5118050575256348,
    2.356004476547241,
    2.2443079948425293,
    2.1400270462036133,
    2.198702096939087,
    1.9748952388763428
  ],
  "energy_var_val_history": [
    1172.88134765625,
    110.09825134277344,
    64.05232238769531,
    44.362361907958984,
    28.48463249206543,
    20.642902374267578,
    19.82848358154297,
    18.221994400024414,
    12.891216278076172,
    13.983141899108887,
    11.499022483825684,
    10.150467872619629,
    9.971562385559082,
    9.168717384338379,
    8.628530502319336,
    7.312835693359375,
    8.577498435974121,
    6.386013031005859,
    6.199936389923096,
    6.309165000915527,
    5.55075740814209,
    5.0369181632995605,
    4.579715728759766,
    4.834290981292725,
    3.9002110958099365
  ],
  "epochs": [
    0,
    1,
    2,
    3,
    4,
    5,
    6,
    7,
    8,
    9,
    10,
    11,
    12,
    13,
    14,
    15,
    16,
    17,
    18,
    19,
    20,
    21,
    22,
    23,
    24,
    25,
    26,
    27,
    28,
    29,
    30,
    31,
    32,
    33,
    34,
    35,
    36,
    37,
    38,
    39,
    40,
    41,
    42,
    43,
    44,
    45,
    46,
    47,
    48,
    49,
    50,
    51,
    52,
    53,
    54,
    55,
    56,
    57,
    58,
    59,
    60,
    61,
    62,
    63,
    64,
    65,
    66,
    67,
    68,
    69,
    70,
    71,
    72,
    73,
    74,
    75,
    76,
    77,
    78,
    79,
    80,
    81,
    82,
    83,
    84,
    85,
    86,
    87,
    88,
    89,
    90,
    91,
    92,
    93,
    94,
    95,
    96,
    97,
    98,
    99,
    100,
    101,
    102,
    103,
    104,
    105,
    106,
    107,
    108,
    109,
    110,
    111,
    112,
    113,
    114,
    115,
    116,
    117,
    118,
    119,
    120,
    121,
    122,
    123,
    124,
    125,
    126,
    127,
    128,
    129,
    130,
    131,
    132,
    133,
    134,
    135,
    136,
    137,
    138,
    139,
    140,
    141,
    142,
    143,
    144,
    145,
    146,
    147,
    148,
    149,
    150,
    151,
    152,
    153,
    154,
    155,
    156,
    157,
    158,
    159,
    160,
    161,
    162,
    163,
    164,
    165,
    166,
    167,
    168,
    169,
    170,
    171,
    172,
    173,
    174,
    175,
    176,
    177,
    178,
    179,
    180,
    181,
    182,
    183,
    184,
    185,
    186,
    187,
    188,
    189,
    190,
    191,
    192,
    193,
    194,
    195,
    196,
    197,
    198,
    199,
    200,
    201,
    202,
    203,
    204,
    205,
    206,
    207,
    208,
    209,
    210,
    211,
    212,
    213,
    214,
    215,
    216,
    217,
    218,
    219,
    220,
    221,
    222,
    223,
    224,
    225,
    226,
    227,
    228,
    229,
    230,
    231,
    232,
    233,
    234,
    235,
    236,
    237,
    238,
    239,
    240,
    241,
    242,
    243,
    244,
    245,
    246,
    247,
    248,
    249
  ],