{
  "model_name": "10N_beta2.82843_lr3_eps10",
  "model_config": {
    "dim": 3,
    "N": 10,
    "rho_hidden": [
      32,
      32,
      32
    ],
    "phi_hidden": [
      8
    ],
    "eta_hidden": [
      8
    ],
    "phi_output": 4,
    "eta_output": 4,
    "activation_function": "GELU",
    "alpha": 0.5,
    "beta": 2.82843,
    "trainable_alpha": false,
    "a": 0.0,
    "omega_z": 2.82843,
    "omega_ho": 1.0
  },
  "energy_parameter_final": 23.823801040649414,
  "energy_parameter_history": [
    24.132028579711914,
    24.019302368164062,
    23.95505142211914,
    23.92216682434082,
    23.90520477294922,
    23.892114639282227,
    23.879535675048828,
    23.867136001586914,
    23.858346939086914,
    23.849584579467773,
    23.839576721191406,
    23.83168601989746
  ],
  "alpha_initial": 0.5,
  "alpha_final": 0.5,
  "alpha_history": [
    0.5,
    0.5,
    0.5,
    0.5,
    0.5,
    0.5,
    0.5,
    0.5,
    0.5,
    0.5,
    0.5,
    0.5
  ],
  "a": 0.0,
  "beta": 2.828429937362671,
  "energy_std_val_final": 9.513299166059545,
  "learning_rate": 0.001,
  "final_learning_rate": 0.00029938039131233136,
  "energy_mean_val_final": 22.321802139282227,
  "energy_mean_val_history": [
    -86.00605010986328,
    -6.007050037384033,
    11.855256080627441,
    19.515995025634766,
    21.94605827331543,
    22.068166732788086,
    22.727693557739258,
    23.390857696533203,
    22.3964786529541,
    22.29545783996582,
    22.86800193786621,
    22.321802139282227
  ],
  "energy_var_val_final": 90.50286102294922,
  "energy_var_val_history": [
    3056.31884765625,
    284.3573303222656,
    178.4513702392578,
    160.38771057128906,
    144.28048706054688,
    141.11553955078125,
    118.46247863769531,
    112.60562896728516,
    102.96389770507812,
    99.09154510498047,
    94.72088623046875,
    90.50286102294922
  ],
  "training_points": 1000,
  "epochs": [
    0,
    1,
    2,
    3,
    4,
    5,
    6,
    7,
    8,
    9,
    10,
    11,
    12,
    13,
    14,
    15,
    16,
    17,
    18,
    19,
    20,
    21,
    22,
    23,
    24,
    25,
    26,
    27,
    28,
    29,
    30,
    31,
    32,
    33,
    34,
    35,
    36,
    37,
    38,
    39,
    40,
    41,
    42,
    43,
    44,
    45,
    46,
    47,
    48,
    49,
    50,
    51,
    52,
    53,
    54,
    55,
    56,
    57,
    58,
    59,
    60,
    61,
    62,
    63,
    64,
    65,
    66,
    67,
    68,
    69,
    70,
    71,
    72,
    73,
    74,
    75,
    76,
    77,
    78,
    79,
    80,
    81,
    82,
    83,
    84,
    85,
    86,
    87,
    88,
    89,
    90,
    91,
    92,
    93,
    94,
    95,
    96,
    97,
    98,
    99,
    100,
    101,
    102,
    103,
    104,
    105,
    106,
    107,
    108,
    109,
    110,
    111,
    112,
    113,
    114,
    115,
    116,
    117,
    118,
    119
  ],
  "train_loss": [
    320662.87734375,
    7113.589624023438,
    3909.75556640625,
    2801.23125,
    2407.5624877929686,
    2210.157604980469,
    1984.157763671875,
    1683.6904296875,
    1558.2014282226562,
    1438.9738037109375,
    1174.1899169921876,
    1134.4817321777343,
    900.1452270507813,
    839.0996643066406,
    650.8792785644531,
    662.4065826416015,
    577.4586029052734,
    482.9355865478516,
    434.7360015869141,
    368.797607421875,
    368.6531127929687,
    326.98072052001953,
    262.8268539428711,
    225.09591827392578,
    203.36780242919923,
    203.37667541503907,
    192.96596984863282,
    179.97640380859374,
    180.3959182739258,
    165.32939453125,
    182.58763732910157,
    156.83329696655272,
    171.96817169189453,
    149.78558578491212,
    129.5780487060547,
    166.54828948974608,
    173.66252975463868,
    157.64417572021483,
    142.21183242797852,
    139.6430351257324,
    172.87717361450194,
    133.81935119628906,
    155.08268356323242,
    123.5175163269043,
    147.01960220336915,
    114.02380142211913,
    131.91288986206055,
    124.9396354675293,
    150.91908798217773,
    152.10201568603514,
    146.3896286010742,
    117.80791931152343,
    146.0909278869629,
    122.27524108886719,
    127.63131179809571,
    134.02588958740233,
    123.60767974853516,
    124.53656463623047,
    134.43316802978515,
    108.76991233825683,
    115.8717041015625,
    111.88621139526367,
    108.02012786865234,
    117.79809494018555,
    127.49425811767578,
    121.70702819824218,
    124.16849060058594,
    111.3731704711914,
    103.07540969848633,
    110.26209411621093,
    123.99760055541992,
    112.08764343261718,
    97.73765258789062,
    100.63729629516601,
    116.20121994018555,
    100.60302543640137,
    110.21184692382812,
    111.61808319091797,
    119.8198341369629,
    101.61368408203126,
    106.12799453735352,
    98.03587112426757,
    106.11192932128907,
    101.17141647338867,
    93.49342422485351,
    88.46467170715331,
    88.11894836425782,
    108.84214782714844,
    104.11537895202636,
    104.97059936523438,
    92.94469375610352,
    105.23078994750976,
    99.08017654418946,
    104.64804763793946,
    99.61794586181641,
    99.27370223999023,
    101.89859046936036,
    96.48407592773438,
    91.24576797485352,
    99.90985717773438,
    86.60075225830079,
    108.46114349365234,
    102.33295822143555,
    109.41378555297851,
    98.96068267822265,
    101.52238693237305,
    87.24420623779297,
    104.56246414184571,
    89.7879524230957,
    101.06527786254883,
    88.63765869140624,
    99.19617385864258,
    90.79106140136719,
    82.49317092895508,
    84.49562644958496,
    85.85048561096191,
    89.95293273925782,
    84.21923522949218,
    84.66437759399415,
    85.18636093139648
  ],
  "val_loss": [
    15186.3056640625,
    1185.9013671875,
    324.8326110839844,
    179.7806854248047,
    148.09950256347656,
    144.42349243164062,
    119.77342987060547,
    112.81745910644531,
    105.08721923828125,
    101.49365234375,
    95.65220642089844,
    92.77055358886719
  ],
  "epochs_val": [
    0,
    10,
    20,
    30,
    40,
    50,
    60,
    70,
    80,
    90,
    100,
    110
  ]
}