{
  "model_name": "10N_d3_beta2.82843_a1.0_width1.3_IGTruetest",
  "model_config": {
    "dim": 3,
    "N": 10,
    "rho_hidden": [
      32,
      32
    ],
    "phi_hidden": [
      8,
      8
    ],
    "eta_hidden": [
      8,
      8
    ],
    "phi_output": 4,
    "eta_output": 4,
    "activation_function": "GELU",
    "alpha": 0.497,
    "beta": 2.82843,
    "trainable_alpha": false,
    "a": 1.0,
    "omega_z": 2.82843,
    "omega_ho": 1.0,
    "trainable_energy": false,
    "beta_jastrow": 0.5,
    "trainable_beta_jastrow": false
  },
  "training_points": 400,
  "batch_size": 100,
  "width": 1.3,
  "val_seed": 42,
  "val_points": 2000,
  "initialize_gaussian": true,
  "seed": 17,
  "energy_parameter_final": 58.47999954223633,
  "energy_parameter_history": [
    58.47999954223633,
    58.47999954223633,
    58.47999954223633,
    58.47999954223633,
    58.47999954223633,
    58.47999954223633,
    58.47999954223633,
    58.47999954223633,
    58.47999954223633,
    58.47999954223633,
    58.47999954223633,
    58.47999954223633,
    58.47999954223633,
    58.47999954223633,
    58.47999954223633,
    58.47999954223633,
    58.47999954223633,
    58.47999954223633,
    58.47999954223633,
    58.47999954223633,
    58.47999954223633,
    58.47999954223633,
    58.47999954223633,
    58.47999954223633,
    58.47999954223633
  ],
  "vmc_energy_history": [
    53.00916290283203,
    53.60005187988281,
    54.21022415161133,
    54.00821304321289
  ],
  "alpha_initial": 0.497,
  "alpha_final": 0.4970000088214874,
  "alpha_history": [
    0.4970000088214874,
    0.4970000088214874,
    0.4970000088214874,
    0.4970000088214874,
    0.4970000088214874,
    0.4970000088214874,
    0.4970000088214874,
    0.4970000088214874,
    0.4970000088214874,
    0.4970000088214874,
    0.4970000088214874,
    0.4970000088214874,
    0.4970000088214874,
    0.4970000088214874,
    0.4970000088214874,
    0.4970000088214874,
    0.4970000088214874,
    0.4970000088214874,
    0.4970000088214874,
    0.4970000088214874,
    0.4970000088214874,
    0.4970000088214874,
    0.4970000088214874,
    0.4970000088214874,
    0.4970000088214874
  ],
  "beta": 2.82843,
  "energy_std_val_final": 1.70213548104919,
  "learning_rate": 0.0025,
  "final_learning_rate": 0.0007176077401106322,
  "energy_mean_val_final": 57.71668243408203,
  "energy_var_val_final": 2.8972651958465576,
  "energy_mean_val_history": [
    9.097502708435059,
    41.794090270996094,
    48.08271789550781,
    50.998836517333984,
    53.807342529296875,
    55.15825653076172,
    55.973609924316406,
    56.90658187866211,
    56.40651321411133,
    56.9085578918457,
    57.31825637817383,
    57.48833465576172,
    57.36738967895508,
    57.693145751953125,
    57.962860107421875,
    57.31135559082031,
    57.7631950378418,
    57.479000091552734,
    57.84514617919922,
    57.70478057861328,
    57.7219123840332,
    57.6358757019043,
    57.60169219970703,
    57.78459930419922,
    57.71668243408203
  ],
  "energy_std_val_history": [
    17.050582885742188,
    10.19627571105957,
    8.655861854553223,
    7.119890213012695,
    6.764227390289307,
    5.547153949737549,
    4.449979305267334,
    4.4290008544921875,
    3.6043386459350586,
    3.270408868789673,
    3.0103471279144287,
    2.7113046646118164,
    2.4482386112213135,
    2.5972678661346436,
    2.452918291091919,
    1.9697613716125488,
    2.0415186882019043,
    1.9084604978561401,
    2.003308057785034,
    1.8527098894119263,
    1.8128111362457275,
    1.731916904449463,
    1.87343168258667,
    1.7721381187438965,
    1.702135443687439
  ],
  "energy_var_val_history": [
    290.7223815917969,
    103.96403503417969,
    74.92394256591797,
    50.692832946777344,
    45.7547721862793,
    30.77091407775879,
    19.802316665649414,
    19.61604881286621,
    12.991257667541504,
    10.695574760437012,
    9.062190055847168,
    7.351172924041748,
    5.993872165679932,
    6.745800971984863,
    6.016807556152344,
    3.87995982170105,
    4.167798042297363,
    3.642221450805664,
    4.013242721557617,
    3.4325337409973145,
    3.2862842082977295,
    2.9995362758636475,
    3.5097463130950928,
    3.1404733657836914,
    2.8972651958465576
  ],
  "epochs": [
    0,
    1,
    2,
    3,
    4,
    5,
    6,
    7,
    8,
    9,
    10,
    11,
    12,
    13,
    14,
    15,
    16,
    17,
    18,
    19,
    20,
    21,
    22,
    23,
    24,
    25,
    26,
    27,
    28,
    29,
    30,
    31,
    32,
    33,
    34,
    35,
    36,
    37,
    38,
    39,
    40,
    41,
    42,
    43,
    44,
    45,
    46,
    47,
    48,
    49,
    50,
    51,
    52,
    53,
    54,
    55,
    56,
    57,
    58,
    59,
    60,
    61,
    62,
    63,
    64,
    65,
    66,
    67,
    68,
    69,
    70,
    71,
    72,
    73,
    74,
    75,
    76,
    77,
    78,
    79,
    80,
    81,
    82,
    83,
    84,
    85,
    86,
    87,
    88,
    89,
    90,
    91,
    92,
    93,
    94,
    95,
    96,
    97,
    98,
    99,
    100,
    101,
    102,
    103,
    104,
    105,
    106,
    107,
    108,
    109,
    110,
    111,
    112,
    113,
    114,
    115,
    116,
    117,
    118,
    119,
    120,
    121,
    122,
    123,
    124,
    125,
    126,
    127,
    128,
    129,
    130,
    131,
    132,
    133,
    134,
    135,
    136,
    137,
    138,
    139,
    140,
    141,
    142,
    143,
    144,
    145,
    146,
    147,
    148,
    149,
    150,
    151,
    152,
    153,
    154,
    155,
    156,
    157,
    158,
    159,
    160,
    161,
    162,
    163,
    164,
    165,
    166,
    167,
    168,
    169,
    170,
    171,
    172,
    173,
    174,
    175,
    176,
    177,
    178,
    179,
    180,
    181,
    182,
    183,
    184,
    185,
    186,
    187,
    188,
    189,
    190,
    191,
    192,
    193,
    194,
    195,
    196,
    197,
    198,
    199,
    200,
    201,
    202,
    203,
    204,
    205,
    206,
    207,
    208,
    209,
    210,
    211,
    212,
    213,
    214,
    215,
    216,
    217,
    218,
    219,
    220,
    221,
    222,
    223,
    224,
    225,
    226,
    227,
    228,
    229,
    230,
    231,
    232,
    233,
    234,
    235,
    236,
    237,
    238,
    239,
    240,
    241,
    242,
    243,
    244,
    245,
    246,
    247,
    248,
    249
  ],