{
  "model_name": "10N_beta2.82843_lr0.001_a1.0_32_tp1.50e+04",
  "model_config": {
    "dim": 3,
    "N": 10,
    "rho_hidden": [
      32,
      32
    ],
    "phi_hidden": [
      8,
      8
    ],
    "eta_hidden": [
      8,
      8
    ],
    "phi_output": 4,
    "eta_output": 4,
    "activation_function": "GELU",
    "alpha": 0.5,
    "beta": 2.82843,
    "trainable_alpha": false,
    "a": 1.0,
    "omega_z": 2.82843,
    "omega_ho": 1.0,
    "trainable_energy": false,
    "beta_jastrow": 0.4,
    "trainable_beta_jastrow": true
  },
  "training_points": 15000,
  "batch_size": 1000,
  "width": 1.1,
  "val_seed": 42,
  "val_points": 10000,
  "seed": 17,
  "energy_parameter_final": 58.09000015258789,
  "energy_parameter_history": [
    58.09000015258789,
    58.09000015258789,
    58.09000015258789,
    58.09000015258789,
    58.09000015258789,
    58.09000015258789,
    58.09000015258789,
    58.09000015258789,
    58.09000015258789,
    58.09000015258789
  ],
  "alpha_initial": 0.5,
  "alpha_final": 0.5,
  "alpha_history": [
    0.5,
    0.5,
    0.5,
    0.5,
    0.5,
    0.5,
    0.5,
    0.5,
    0.5,
    0.5
  ],
  "a": 1.0,
  "beta": 2.828429937362671,
  "energy_std_val_final": 2.470533861235113,
  "learning_rate": 0.001,
  "final_learning_rate": 0.0006057704364907278,
  "energy_mean_val_final": 56.823814392089844,
  "energy_var_val_final": 6.103537559509277,
  "energy_mean_val_history": [
    -630.34912109375,
    48.392642974853516,
    55.1171760559082,
    57.73258590698242,
    56.81496810913086,
    56.233299255371094,
    56.53795623779297,
    56.725650787353516,
    56.7604866027832,
    56.823814392089844
  ],
  "energy_std_val_history": [
    116.54237365722656,
    8.292062759399414,
    5.4787516593933105,
    4.306264877319336,
    3.2542946338653564,
    3.0789997577667236,
    2.8862085342407227,
    2.7342276573181152,
    2.597907781600952,
    2.470533847808838
  ],
  "energy_var_val_history": [
    13582.125,
    68.75830078125,
    30.016721725463867,
    18.543916702270508,
    10.590434074401855,
    9.480239868164062,
    8.330199241638184,
    7.4760003089904785,
    6.749124526977539,
    6.103537559509277
  ],
  "epochs": [
    0,
    1,
    2,
    3,
    4,
    5,
    6,
    7,
    8,
    9,
    10,
    11,
    12,
    13,
    14,
    15,
    16,
    17,
    18,
    19,
    20,
    21,
    22,
    23,
    24,
    25,
    26,
    27,
    28,
    29,
    30,
    31,
    32,
    33,
    34,
    35,
    36,
    37,
    38,
    39,
    40,
    41,
    42,
    43,
    44,
    45,
    46,
    47,
    48,
    49,
    50,
    51,
    52,
    53,
    54,
    55,
    56,
    57,
    58,
    59,
    60,
    61,
    62,
    63,
    64,
    65,
    66,
    67,
    68,
    69,
    70,
    71,
    72,
    73,
    74,
    75,
    76,
    77,
    78,
    79,
    80,
    81,
    82,
    83,
    84,
    85,
    86,
    87,
    88,
    89,
    90,
    91,
    92,
    93,
    94,
    95,
    96,
    97,
    98,
    99
  ],
  "train_loss": [
    19529297.0125,
    68729.72411295572,
    2043.356827799479,
    605.8246887207031,
    329.04620157877605,
    267.72259928385415,
    241.87579549153645,
    205.8202667236328,
    181.32654418945313,
    174.3554880777995,
    163.90178324381512,
    152.65841573079427,
    144.2616994222005,
    136.36488494873046,
    147.1273396809896,
    99.21793924967447,
    85.9539072672526,
    85.51363728841146,
    61.49128163655599,
    50.754966735839844,
    56.790443420410156,
    37.24939142862956,
    31.58364054361979,
    27.19045753479004,
    25.775616709391276,
    26.457953770955402,
    35.101836649576825,
    30.331387583414713,
    37.31372858683268,
    20.28774274190267,
    19.08672841389974,
    18.374096616109213,
    51.00747934977213,
    22.68615303039551,
    23.52907549540202,
    24.52950439453125,
    27.593501091003418,
    19.562600262959798,
    14.460903676350911,
    12.892428080240885,
    12.665988286336264,
    31.171298917134603,
    28.637393760681153,
    38.42421429951985,
    15.738745180765788,
    14.16179281870524,
    14.195023345947266,
    14.05367342631022,
    13.210033798217774,
    13.831801732381185,
    13.130161666870118,
    13.061874262491862,
    12.933321380615235,
    12.965381113688151,
    13.347800000508625,
    12.482097307840982,
    12.680089823404948,
    12.426254272460938,
    12.087607192993165,
    11.634235254923503,
    11.967756462097167,
    11.393659973144532,
    11.480873298645019,
    11.161642265319824,
    11.392513084411622,
    11.45234826405843,
    11.135865211486816,
    11.154150931040446,
    11.433812141418457,
    10.642141596476238,
    10.876990254720052,
    10.494856675465902,
    11.095446650187174,
    9.94968350728353,
    10.276546192169189,
    9.824094041188557,
    9.996300443013508,
    9.39483429590861,
    9.609233792622884,
    9.736349105834961,
    9.299292818705242,
    9.033954620361328,
    8.867521381378173,
    9.359437115987141,
    8.689499791463216,
    8.456848271687825,
    8.71480089823405,
    8.67654209136963,
    8.493996651967366,
    8.17376127243042,
    8.293211269378663,
    8.278369458516439,
    8.131583499908448,
    8.355175526936849,
    8.012672519683838,
    7.845881430308024,
    8.185851446787517,
    7.530337778727214,
    7.567408466339112,
    7.459353669484456
  ],
  "val_loss": [
    487529.15625,
    162.7901153564453,
    38.851417541503906,
    18.66980743408203,
    12.215092658996582,
    12.926628112792969,
    10.738200187683105,
    9.336723327636719,
    8.516054153442383,
    7.706169605255127
  ],
  "epochs_val": [
    0,
    10,
    20,
    30,
    40,
    50,
    60,
    70,
    80,
    90
  ]
}