{
  "model_name": "10N_d3_beta2.82843_a1.0_width1.05_IGTruetest",
  "model_config": {
    "dim": 3,
    "N": 10,
    "rho_hidden": [
      32,
      32
    ],
    "phi_hidden": [
      8,
      8,
      8,
      8
    ],
    "eta_hidden": [
      8,
      8,
      8,
      8
    ],
    "phi_output": 4,
    "eta_output": 4,
    "activation_function": "GELU",
    "alpha": 0.497,
    "beta": 2.82843,
    "trainable_alpha": false,
    "a": 1.0,
    "omega_z": 2.82843,
    "omega_ho": 1.0,
    "trainable_energy": false,
    "beta_jastrow": 0.5,
    "trainable_beta_jastrow": false
  },
  "training_points": 400,
  "batch_size": 100,
  "width": 1.05,
  "val_seed": 42,
  "val_points": 2000,
  "initialize_gaussian": true,
  "seed": 17,
  "energy_parameter_final": 58.47999954223633,
  "energy_parameter_history": [
    58.47999954223633,
    58.47999954223633,
    58.47999954223633,
    58.47999954223633,
    58.47999954223633,
    58.47999954223633,
    58.47999954223633,
    58.47999954223633,
    58.47999954223633,
    58.47999954223633,
    58.47999954223633,
    58.47999954223633,
    58.47999954223633,
    58.47999954223633,
    58.47999954223633,
    58.47999954223633,
    58.47999954223633,
    58.47999954223633,
    58.47999954223633,
    58.47999954223633,
    58.47999954223633,
    58.47999954223633,
    58.47999954223633,
    58.47999954223633,
    58.47999954223633
  ],
  "vmc_energy_history": [
    51.25141906738281,
    53.39199447631836,
    54.01346206665039,
    54.242862701416016
  ],
  "alpha_initial": 0.497,
  "alpha_final": 0.4970000088214874,
  "alpha_history": [
    0.4970000088214874,
    0.4970000088214874,
    0.4970000088214874,
    0.4970000088214874,
    0.4970000088214874,
    0.4970000088214874,
    0.4970000088214874,
    0.4970000088214874,
    0.4970000088214874,
    0.4970000088214874,
    0.4970000088214874,
    0.4970000088214874,
    0.4970000088214874,
    0.4970000088214874,
    0.4970000088214874,
    0.4970000088214874,
    0.4970000088214874,
    0.4970000088214874,
    0.4970000088214874,
    0.4970000088214874,
    0.4970000088214874,
    0.4970000088214874,
    0.4970000088214874,
    0.4970000088214874,
    0.4970000088214874
  ],
  "beta": 2.82843,
  "energy_std_val_final": 1.2749221198287852,
  "learning_rate": 0.0025,
  "final_learning_rate": 0.0007176077401106322,
  "energy_mean_val_final": 58.20275115966797,
  "energy_var_val_final": 1.6254264116287231,
  "energy_mean_val_history": [
    -41.17131805419922,
    54.061073303222656,
    57.89678955078125,
    58.05869674682617,
    58.734336853027344,
    58.968509674072266,
    58.1388053894043,
    59.92758560180664,
    57.77511978149414,
    59.274383544921875,
    57.02455139160156,
    58.16758728027344,
    57.790016174316406,
    57.60853958129883,
    58.72465515136719,
    58.6254768371582,
    58.99807357788086,
    57.94232177734375,
    57.80615234375,
    58.67350769042969,
    57.8762092590332,
    57.91715621948242,
    58.79131317138672,
    58.909820556640625,
    58.20275115966797
  ],
  "energy_std_val_history": [
    22.473831176757812,
    9.433320045471191,
    8.4625825881958,
    9.137286186218262,
    7.063375473022461,
    5.891585350036621,
    3.950488567352295,
    5.431821346282959,
    2.807910919189453,
    3.465219497680664,
    2.4071154594421387,
    2.274667739868164,
    1.990404725074768,
    1.9907768964767456,
    2.0493719577789307,
    2.48806095123291,
    2.023423433303833,
    1.4788681268692017,
    1.4128403663635254,
    1.594048261642456,
    1.366702675819397,
    1.3856360912322998,
    1.9751027822494507,
    1.827242136001587,
    1.2749221324920654
  ],
  "energy_var_val_history": [
    505.0730895996094,
    88.98751831054688,
    71.61530303955078,
    83.489990234375,
    49.89127731323242,
    34.71078109741211,
    15.60636043548584,
    29.504684448242188,
    7.884363174438477,
    12.007745742797852,
    5.7942047119140625,
    5.1741132736206055,
    3.9617111682891846,
    3.9631924629211426,
    4.199925422668457,
    6.190447807312012,
    4.094242095947266,
    2.1870508193969727,
    1.9961180686950684,
    2.540989875793457,
    1.8678761720657349,
    1.9199873208999634,
    3.901031017303467,
    3.3388137817382812,
    1.6254264116287231
  ],
  "epochs": [
    0,
    1,
    2,
    3,
    4,
    5,
    6,
    7,
    8,
    9,
    10,
    11,
    12,
    13,
    14,
    15,
    16,
    17,
    18,
    19,
    20,
    21,
    22,
    23,
    24,
    25,
    26,
    27,
    28,
    29,
    30,
    31,
    32,
    33,
    34,
    35,
    36,
    37,
    38,
    39,
    40,
    41,
    42,
    43,
    44,
    45,
    46,
    47,
    48,
    49,
    50,
    51,
    52,
    53,
    54,
    55,
    56,
    57,
    58,
    59,
    60,
    61,
    62,
    63,
    64,
    65,
    66,
    67,
    68,
    69,
    70,
    71,
    72,
    73,
    74,
    75,
    76,
    77,
    78,
    79,
    80,
    81,
    82,
    83,
    84,
    85,
    86,
    87,
    88,
    89,
    90,
    91,
    92,
    93,
    94,
    95,
    96,
    97,
    98,
    99,
    100,
    101,
    102,
    103,
    104,
    105,
    106,
    107,
    108,
    109,
    110,
    111,
    112,
    113,
    114,
    115,
    116,
    117,
    118,
    119,
    120,
    121,
    122,
    123,
    124,
    125,
    126,
    127,
    128,
    129,
    130,
    131,
    132,
    133,
    134,
    135,
    136,
    137,
    138,
    139,
    140,
    141,
    142,
    143,
    144,
    145,
    146,
    147,
    148,
    149,
    150,
    151,
    152,
    153,
    154,
    155,
    156,
    157,
    158,
    159,
    160,
    161,
    162,
    163,
    164,
    165,
    166,
    167,
    168,
    169,
    170,
    171,
    172,
    173,
    174,
    175,
    176,
    177,
    178,
    179,
    180,
    181,
    182,
    183,
    184,
    185,
    186,
    187,
    188,
    189,
    190,
    191,
    192,
    193,
    194,
    195,
    196,
    197,
    198,
    199,
    200,
    201,
    202,
    203,
    204,
    205,
    206,
    207,
    208,
    209,
    210,
    211,
    212,
    213,
    214,
    215,
    216,
    217,
    218,
    219,
    220,
    221,
    222,
    223,
    224,
    225,
    226,
    227,
    228,
    229,
    230,
    231,
    232,
    233,
    234,
    235,
    236,
    237,
    238,
    239,
    240,
    241,
    242,
    243,
    244,
    245,
    246,
    247,
    248,
    249
  ],