{
  "model_name": "10N_beta2.82843_lr0.001_a0.0043_64_tp1.50e+04",
  "model_config": {
    "dim": 3,
    "N": 10,
    "rho_hidden": [
      64,
      64,
      64
    ],
    "phi_hidden": [
      8
    ],
    "eta_hidden": [
      8
    ],
    "phi_output": 4,
    "eta_output": 4,
    "activation_function": "GELU",
    "alpha": 0.5,
    "beta": 2.82843,
    "trainable_alpha": false,
    "a": 0.0043,
    "omega_z": 2.82843,
    "omega_ho": 1.0
  },
  "training_points": 15000,
  "batch_size": 1000,
  "width": 0.7,
  "val_seed": 42,
  "val_points": 10000,
  "seed": 17,
  "energy_parameter_final": 24.14209747314453,
  "energy_parameter_history": [
    24.14214324951172,
    24.14214324951172,
    24.14214324951172,
    24.14209747314453,
    24.14209747314453,
    24.14209747314453,
    24.14209747314453,
    24.14209747314453,
    24.14209747314453,
    24.14209747314453
  ],
  "alpha_initial": 0.5,
  "alpha_final": 0.5,
  "alpha_history": [
    0.5,
    0.5,
    0.5,
    0.5,
    0.5,
    0.5,
    0.5,
    0.5,
    0.5,
    0.5
  ],
  "a": 0.0043,
  "beta": 2.828429937362671,
  "energy_std_val_final": 2.4733022897456713,
  "learning_rate": 0.001,
  "final_learning_rate": 0.00036603234127322915,
  "energy_mean_val_final": 24.205657958984375,
  "energy_var_val_final": 6.117224216461182,
  "energy_mean_val_history": [
    17.644893646240234,
    19.874269485473633,
    23.27385902404785,
    24.51344871520996,
    22.044212341308594,
    21.771757125854492,
    23.963327407836914,
    22.860198974609375,
    24.79402732849121,
    24.205657958984375
  ],
  "energy_std_val_history": [
    8.710973739624023,
    4.414416790008545,
    4.873334884643555,
    4.713565826416016,
    3.0457403659820557,
    2.681121349334717,
    2.9553349018096924,
    2.406524419784546,
    2.936558485031128,
    2.4733023643493652
  ],
  "energy_var_val_history": [
    75.88106536865234,
    19.487075805664062,
    23.749393463134766,
    22.217702865600586,
    9.276534080505371,
    7.188412189483643,
    8.734004020690918,
    5.791360378265381,
    8.623374938964844,
    6.117224216461182
  ],
  "epochs": [
    0,
    1,
    2,
    3,
    4,
    5,
    6,
    7,
    8,
    9,
    10,
    11,
    12,
    13,
    14,
    15,
    16,
    17,
    18,
    19,
    20,
    21,
    22,
    23,
    24,
    25,
    26,
    27,
    28,
    29,
    30,
    31,
    32,
    33,
    34,
    35,
    36,
    37,
    38,
    39,
    40,
    41,
    42,
    43,
    44,
    45,
    46,
    47,
    48,
    49,
    50,
    51,
    52,
    53,
    54,
    55,
    56,
    57,
    58,
    59,
    60,
    61,
    62,
    63,
    64,
    65,
    66,
    67,
    68,
    69,
    70,
    71,
    72,
    73,
    74,
    75,
    76,
    77,
    78,
    79,
    80,
    81,
    82,
    83,
    84,
    85,
    86,
    87,
    88,
    89,
    90,
    91,
    92,
    93,
    94,
    95,
    96,
    97,
    98,
    99
  ],
  "train_loss": [
    11023.646651204426,
    129.77179616292318,
    60.5448366800944,
    54.44107386271159,
    48.32164764404297,
    47.97873509724935,
    44.074485778808594,
    43.395392100016274,
    40.851847585042314,
    40.30562184651693,
    39.05867449442545,
    36.50063234965007,
    36.04780502319336,
    33.390383911132815,
    33.224256388346355,
    32.18249651590983,
    1236.839007949829,
    73.42116928100586,
    140.5509946187337,
    88.9818016052246,
    102.38718643188477,
    26.927288309733072,
    38.60164400736491,
    38.08830337524414,
    35.88809636433919,
    38.487257385253905,
    23.115036265055338,
    18.424635060628255,
    20.838589096069335,
    24.635201009114585,
    20.735435994466147,
    19.58850034077962,
    19.252646001180015,
    18.013197263081867,
    18.11012471516927,
    18.136091232299805,
    17.93430887858073,
    17.606089210510255,
    17.133561515808104,
    16.44810047149658,
    16.582317225138347,
    16.105490493774415,
    14.711343638102214,
    15.645920117696127,
    14.273954518636067,
    14.304396120707194,
    14.033516756693523,
    14.242286491394044,
    21.178668149312337,
    15.860113843282063,
    12.992189280192058,
    12.44584509531657,
    12.644753774007162,
    11.807745043436686,
    11.667206573486329,
    10.91061191558838,
    11.078836886088054,
    11.201417922973633,
    10.679075241088867,
    10.066603088378907,
    10.661827405293783,
    10.236056168874105,
    10.021621259053548,
    9.93075262705485,
    9.810801982879639,
    9.668093045552572,
    9.080934715270995,
    9.55935983657837,
    9.185191090901693,
    8.928397528330485,
    8.621304162343343,
    8.719626013437907,
    8.485605939229329,
    8.459396743774414,
    8.098113250732421,
    8.118579451243082,
    7.845309829711914,
    7.336627578735351,
    7.7565757751464846,
    7.573093255360921,
    8.949684143066406,
    9.871492258707683,
    7.515058708190918,
    7.840948994954427,
    13.097445011138916,
    33.14760138193766,
    19.619990603129068,
    22.86661059061686,
    8.117250951131185,
    6.768378512064616,
    6.693827438354492,
    6.531591478983561,
    6.735527547200521,
    6.617450491587321,
    6.235953648885091,
    6.01801176071167,
    6.254794375101725,
    7.275336106618245,
    5.958458868662516,
    5.9726565678914385
  ],
  "val_loss": [
    118.08772277832031,
    37.699867248535156,
    24.50093650817871,
    22.353382110595703,
    13.676733016967773,
    12.806206703186035,
    8.765089988708496,
    7.434045314788818,
    9.047529220581055,
    6.120652675628662
  ],
  "epochs_val": [
    0,
    10,
    20,
    30,
    40,
    50,
    60,
    70,
    80,
    90
  ]
}