{
  "model_name": "10N_beta2.82843_jastrow0.4_width0.65_a1.0_tp2.00e+03",
  "model_config": {
    "dim": 3,
    "N": 10,
    "rho_hidden": [
      32,
      32
    ],
    "phi_hidden": [
      8,
      8
    ],
    "eta_hidden": [
      8,
      8,
      8
    ],
    "phi_output": 4,
    "eta_output": 4,
    "activation_function": "GELU",
    "alpha": 0.5,
    "beta": 2.82843,
    "trainable_alpha": false,
    "a": 1.0,
    "omega_z": 2.82843,
    "omega_ho": 1.0,
    "trainable_energy": false,
    "beta_jastrow": 0.4,
    "trainable_beta_jastrow": false
  },
  "training_points": 2000,
  "batch_size": 100,
  "width": 0.65,
  "val_seed": 42,
  "val_points": 10000,
  "seed": 17,
  "energy_parameter_final": 58.09000015258789,
  "energy_parameter_history": [
    58.09000015258789,
    58.09000015258789,
    58.09000015258789,
    58.09000015258789,
    58.09000015258789,
    58.09000015258789,
    58.09000015258789,
    58.09000015258789,
    58.09000015258789,
    58.09000015258789,
    58.09000015258789,
    58.09000015258789,
    58.09000015258789,
    58.09000015258789,
    58.09000015258789,
    58.09000015258789,
    58.09000015258789,
    58.09000015258789,
    58.09000015258789,
    58.09000015258789,
    58.09000015258789,
    58.09000015258789,
    58.09000015258789,
    58.09000015258789,
    58.09000015258789
  ],
  "alpha_initial": 0.5,
  "alpha_final": 0.5,
  "alpha_history": [
    0.5,
    0.5,
    0.5,
    0.5,
    0.5,
    0.5,
    0.5,
    0.5,
    0.5,
    0.5,
    0.5,
    0.5,
    0.5,
    0.5,
    0.5,
    0.5,
    0.5,
    0.5,
    0.5,
    0.5,
    0.5,
    0.5,
    0.5,
    0.5,
    0.5
  ],
  "a": 1.0,
  "beta": 2.828429937362671,
  "energy_std_val_final": 0.8911213746421849,
  "learning_rate": 0.001,
  "final_learning_rate": 0.0002856078805640318,
  "energy_mean_val_final": 58.2556266784668,
  "energy_var_val_final": 0.7940973043441772,
  "energy_mean_val_history": [
    23.701709747314453,
    58.767913818359375,
    57.40043640136719,
    59.60875701904297,
    59.245811462402344,
    57.1540641784668,
    58.15455627441406,
    57.18821334838867,
    57.53782653808594,
    58.04169845581055,
    57.59836959838867,
    58.38821792602539,
    57.51877975463867,
    57.13758087158203,
    57.43775177001953,
    58.4437370300293,
    57.42463684082031,
    57.2933235168457,
    58.16072463989258,
    57.9534797668457,
    57.78632354736328,
    58.562469482421875,
    58.57847595214844,
    58.338932037353516,
    58.2556266784668
  ],
  "energy_std_val_history": [
    34.440330505371094,
    3.6345772743225098,
    2.444854259490967,
    2.4137556552886963,
    2.1421663761138916,
    1.7729766368865967,
    1.3666577339172363,
    1.2623064517974854,
    1.1564534902572632,
    1.1145999431610107,
    1.051462173461914,
    0.9846863746643066,
    1.2239782810211182,
    1.0447827577590942,
    1.039825677871704,
    0.9896790385246277,
    0.9801462888717651,
    1.0052812099456787,
    0.9280905723571777,
    0.8987870812416077,
    0.9019216299057007,
    0.9056082963943481,
    0.9564924836158752,
    0.8540540337562561,
    0.8911213874816895
  ],
  "energy_var_val_history": [
    1186.13623046875,
    13.210152626037598,
    5.977312088012695,
    5.826216220855713,
    4.588876724243164,
    3.143446207046509,
    1.867753267288208,
    1.5934175252914429,
    1.337384819984436,
    1.242332935333252,
    1.1055727005004883,
    0.9696072936058044,
    1.4981229305267334,
    1.0915710926055908,
    1.0812373161315918,
    0.9794646501541138,
    0.9606867432594299,
    1.0105904340744019,
    0.8613521456718445,
    0.8078181743621826,
    0.8134626746177673,
    0.8201264142990112,
    0.9148778319358826,
    0.729408323764801,
    0.7940973043441772
  ],
  "epochs": [
    0,
    1,
    2,
    3,
    4,
    5,
    6,
    7,
    8,
    9,
    10,
    11,
    12,
    13,
    14,
    15,
    16,
    17,
    18,
    19,
    20,
    21,
    22,
    23,
    24,
    25,
    26,
    27,
    28,
    29,
    30,
    31,
    32,
    33,
    34,
    35,
    36,
    37,
    38,
    39,
    40,
    41,
    42,
    43,
    44,
    45,
    46,
    47,
    48,
    49,
    50,
    51,
    52,
    53,
    54,
    55,
    56,
    57,
    58,
    59,
    60,
    61,
    62,
    63,
    64,
    65,
    66,
    67,
    68,
    69,
    70,
    71,
    72,
    73,
    74,
    75,
    76,
    77,
    78,
    79,
    80,
    81,
    82,
    83,
    84,
    85,
    86,
    87,
    88,
    89,
    90,
    91,
    92,
    93,
    94,
    95,
    96,
    97,
    98,
    99,
    100,
    101,
    102,
    103,
    104,
    105,
    106,
    107,
    108,
    109,
    110,
    111,
    112,
    113,
    114,
    115,
    116,
    117,
    118,
    119,
    120,
    121,
    122,
    123,
    124,
    125,
    126,
    127,
    128,
    129,
    130,
    131,
    132,
    133,
    134,
    135,
    136,
    137,
    138,
    139,
    140,
    141,
    142,
    143,
    144,
    145,
    146,
    147,
    148,
    149,
    150,
    151,
    152,
    153,
    154,
    155,
    156,
    157,
    158,
    159,
    160,
    161,
    162,
    163,
    164,
    165,
    166,
    167,
    168,
    169,
    170,
    171,
    172,
    173,
    174,
    175,
    176,
    177,
    178,
    179,
    180,
    181,
    182,
    183,
    184,
    185,
    186,
    187,
    188,
    189,
    190,
    191,
    192,
    193,
    194,
    195,
    196,
    197,
    198,
    199,
    200,
    201,
    202,
    203,
    204,
    205,
    206,
    207,
    208,
    209,
    210,
    211,
    212,
    213,
    214,
    215,
    216,
    217,
    218,
    219,
    220,
    221,
    222,
    223,
    224,
    225,
    226,
    227,
    228,
    229,
    230,
    231,
    232,
    233,
    234,
    235,
    236,
    237,
    238,
    239,
    240,
    241,
    242,
    243,
    244,
    245,
    246,
    247,
    248,
    249
  ],