{
  "model_name": "10N_beta2.82843_jastrow0.4_width0.75_a1.0_tp1.00e+03",
  "model_config": {
    "dim": 3,
    "N": 10,
    "rho_hidden": [
      32,
      32
    ],
    "phi_hidden": [
      8,
      8
    ],
    "eta_hidden": [
      8,
      8,
      8
    ],
    "phi_output": 4,
    "eta_output": 4,
    "activation_function": "GELU",
    "alpha": 0.5,
    "beta": 2.82843,
    "trainable_alpha": false,
    "a": 1.0,
    "omega_z": 2.82843,
    "omega_ho": 1.0,
    "trainable_energy": false,
    "beta_jastrow": 0.4,
    "trainable_beta_jastrow": false
  },
  "training_points": 1000,
  "batch_size": 100,
  "width": 0.75,
  "val_seed": 42,
  "val_points": 10000,
  "seed": 17,
  "energy_parameter_final": 58.09000015258789,
  "energy_parameter_history": [
    58.09000015258789,
    58.09000015258789,
    58.09000015258789,
    58.09000015258789,
    58.09000015258789,
    58.09000015258789,
    58.09000015258789,
    58.09000015258789,
    58.09000015258789,
    58.09000015258789,
    58.09000015258789,
    58.09000015258789,
    58.09000015258789,
    58.09000015258789,
    58.09000015258789,
    58.09000015258789,
    58.09000015258789,
    58.09000015258789,
    58.09000015258789,
    58.09000015258789,
    58.09000015258789,
    58.09000015258789,
    58.09000015258789,
    58.09000015258789,
    58.09000015258789
  ],
  "alpha_initial": 0.5,
  "alpha_final": 0.5,
  "alpha_history": [
    0.5,
    0.5,
    0.5,
    0.5,
    0.5,
    0.5,
    0.5,
    0.5,
    0.5,
    0.5,
    0.5,
    0.5,
    0.5,
    0.5,
    0.5,
    0.5,
    0.5,
    0.5,
    0.5,
    0.5,
    0.5,
    0.5,
    0.5,
    0.5,
    0.5
  ],
  "a": 1.0,
  "beta": 2.828429937362671,
  "energy_std_val_final": 1.0765613328902475,
  "learning_rate": 0.001,
  "final_learning_rate": 0.0002856078805640318,
  "energy_mean_val_final": 57.793392181396484,
  "energy_var_val_final": 1.1589843034744263,
  "energy_mean_val_history": [
    -6.671820163726807,
    56.48481369018555,
    56.03158187866211,
    55.40110778808594,
    58.124267578125,
    56.82612609863281,
    56.704689025878906,
    57.04439926147461,
    58.404273986816406,
    57.50044250488281,
    55.880069732666016,
    58.92425537109375,
    57.44937515258789,
    57.30837631225586,
    58.62376403808594,
    58.04932403564453,
    57.55921173095703,
    57.886260986328125,
    58.617305755615234,
    57.68125534057617,
    58.61941146850586,
    57.724857330322266,
    57.604061126708984,
    58.434505462646484,
    57.793392181396484
  ],
  "energy_std_val_history": [
    63.76188278198242,
    7.602242946624756,
    4.628414630889893,
    3.5503079891204834,
    3.4951679706573486,
    2.716730833053589,
    2.6830008029937744,
    2.1646034717559814,
    2.027728796005249,
    1.7331137657165527,
    1.9141144752502441,
    1.8164867162704468,
    1.381118893623352,
    1.3702850341796875,
    1.428749442100525,
    1.3914456367492676,
    1.2606406211853027,
    1.2197227478027344,
    1.2743204832077026,
    1.1537330150604248,
    1.2418187856674194,
    1.1200528144836426,
    1.0986626148223877,
    1.1536837816238403,
    1.0765613317489624
  ],
  "energy_var_val_history": [
    4065.577392578125,
    57.79410171508789,
    21.42222023010254,
    12.604686737060547,
    12.216198921203613,
    7.380626201629639,
    7.198493480682373,
    4.6855082511901855,
    4.111684322357178,
    3.00368332862854,
    3.6638343334198,
    3.299623966217041,
    1.9074894189834595,
    1.8776811361312866,
    2.0413248538970947,
    1.936120867729187,
    1.5892146825790405,
    1.487723469734192,
    1.6238927841186523,
    1.3310997486114502,
    1.542114019393921,
    1.2545182704925537,
    1.2070595026016235,
    1.3309862613677979,
    1.1589843034744263
  ],
  "epochs": [
    0,
    1,
    2,
    3,
    4,
    5,
    6,
    7,
    8,
    9,
    10,
    11,
    12,
    13,
    14,
    15,
    16,
    17,
    18,
    19,
    20,
    21,
    22,
    23,
    24,
    25,
    26,
    27,
    28,
    29,
    30,
    31,
    32,
    33,
    34,
    35,
    36,
    37,
    38,
    39,
    40,
    41,
    42,
    43,
    44,
    45,
    46,
    47,
    48,
    49,
    50,
    51,
    52,
    53,
    54,
    55,
    56,
    57,
    58,
    59,
    60,
    61,
    62,
    63,
    64,
    65,
    66,
    67,
    68,
    69,
    70,
    71,
    72,
    73,
    74,
    75,
    76,
    77,
    78,
    79,
    80,
    81,
    82,
    83,
    84,
    85,
    86,
    87,
    88,
    89,
    90,
    91,
    92,
    93,
    94,
    95,
    96,
    97,
    98,
    99,
    100,
    101,
    102,
    103,
    104,
    105,
    106,
    107,
    108,
    109,
    110,
    111,
    112,
    113,
    114,
    115,
    116,
    117,
    118,
    119,
    120,
    121,
    122,
    123,
    124,
    125,
    126,
    127,
    128,
    129,
    130,
    131,
    132,
    133,
    134,
    135,
    136,
    137,
    138,
    139,
    140,
    141,
    142,
    143,
    144,
    145,
    146,
    147,
    148,
    149,
    150,
    151,
    152,
    153,
    154,
    155,
    156,
    157,
    158,
    159,
    160,
    161,
    162,
    163,
    164,
    165,
    166,
    167,
    168,
    169,
    170,
    171,
    172,
    173,
    174,
    175,
    176,
    177,
    178,
    179,
    180,
    181,
    182,
    183,
    184,
    185,
    186,
    187,
    188,
    189,
    190,
    191,
    192,
    193,
    194,
    195,
    196,
    197,
    198,
    199,
    200,
    201,
    202,
    203,
    204,
    205,
    206,
    207,
    208,
    209,
    210,
    211,
    212,
    213,
    214,
    215,
    216,
    217,
    218,
    219,
    220,
    221,
    222,
    223,
    224,
    225,
    226,
    227,
    228,
    229,
    230,
    231,
    232,
    233,
    234,
    235,
    236,
    237,
    238,
    239,
    240,
    241,
    242,
    243,
    244,
    245,
    246,
    247,
    248,
    249
  ],