{
  "model_name": "10N_beta2.82843test_jastrow0.5_width0.7_a1.0_tp1.00e+03",
  "model_config": {
    "dim": 3,
    "N": 10,
    "rho_hidden": [
      32,
      32
    ],
    "phi_hidden": [
      8,
      8
    ],
    "eta_hidden": [
      8,
      8,
      8
    ],
    "phi_output": 4,
    "eta_output": 4,
    "activation_function": "GELU",
    "alpha": 0.5,
    "beta": 2.82843,
    "trainable_alpha": false,
    "a": 1.0,
    "omega_z": 2.82843,
    "omega_ho": 1.0,
    "trainable_energy": false,
    "beta_jastrow": 0.5,
    "trainable_beta_jastrow": false
  },
  "training_points": 1000,
  "batch_size": 100,
  "width": 0.7,
  "val_seed": 42,
  "val_points": 10000,
  "seed": 17,
  "energy_parameter_final": 58.09000015258789,
  "energy_parameter_history": [
    58.09000015258789,
    58.09000015258789
  ],
  "alpha_initial": 0.5,
  "alpha_final": 0.5,
  "alpha_history": [
    0.5,
    0.5
  ],
  "a": 1.0,
  "beta": 2.828429937362671,
  "energy_std_val_final": 4.588381997952095,
  "learning_rate": 0.001,
  "final_learning_rate": 0.0009046104802746175,
  "energy_mean_val_final": 57.16556167602539,
  "energy_var_val_final": 21.05324935913086,
  "energy_mean_val_history": [
    33.432132720947266,
    57.16556167602539
  ],
  "energy_std_val_history": [
    24.468791961669922,
    4.588381767272949
  ],
  "energy_var_val_history": [
    598.7218017578125,
    21.05324935913086
  ],
  "epochs": [
    0,
    1,
    2,
    3,
    4,
    5,
    6,
    7,
    8,
    9,
    10,
    11,
    12,
    13,
    14,
    15,
    16,
    17,
    18,
    19
  ],
  "train_loss": [
    5116.468701171875,
    622.8125732421875,
    188.50955657958986,
    120.40882797241211,
    77.0699520111084,
    74.88728523254395,
    48.35826377868652,
    40.57505798339844,
    36.13618488311768,
    29.85946388244629,
    25.259010314941406,
    21.91564807891846,
    17.968740940093994,
    17.05976457595825,
    13.259951782226562,
    12.866236686706543,
    10.613308238983155,
    10.631075000762939,
    8.044645881652832,
    9.039069604873657
  ],
  "val_loss": [
    1206.67236328125,
    21.905725479125977
  ],
  "epochs_val": [
    0,
    10
  ]
}