{
  "model_name": "10N_beta2.82843_jastrow0.5_width0.95_a1.0_tp2.00e+03_epoc250",
  "model_config": {
    "dim": 3,
    "N": 10,
    "rho_hidden": [
      32,
      32
    ],
    "phi_hidden": [
      8,
      8
    ],
    "eta_hidden": [
      8,
      8
    ],
    "phi_output": 4,
    "eta_output": 4,
    "activation_function": "GELU",
    "alpha": 0.5,
    "beta": 2.82843,
    "trainable_alpha": false,
    "a": 1.0,
    "omega_z": 2.82843,
    "omega_ho": 1.0,
    "trainable_energy": false,
    "beta_jastrow": 0.5,
    "trainable_beta_jastrow": false
  },
  "training_points": 2000,
  "batch_size": 200,
  "width": 0.95,
  "val_seed": 42,
  "val_points": 2000,
  "seed": 17,
  "energy_parameter_final": 58.47999954223633,
  "energy_parameter_history": [
    58.47999954223633,
    58.47999954223633,
    58.47999954223633,
    58.47999954223633,
    58.47999954223633,
    58.47999954223633,
    58.47999954223633,
    58.47999954223633,
    58.47999954223633,
    58.47999954223633,
    58.47999954223633,
    58.47999954223633,
    58.47999954223633,
    58.47999954223633,
    58.47999954223633,
    58.47999954223633,
    58.47999954223633,
    58.47999954223633,
    58.47999954223633,
    58.47999954223633,
    58.47999954223633,
    58.47999954223633,
    58.47999954223633,
    58.47999954223633,
    58.47999954223633
  ],
  "alpha_initial": 0.5,
  "alpha_final": 0.5,
  "alpha_history": [
    0.5,
    0.5,
    0.5,
    0.5,
    0.5,
    0.5,
    0.5,
    0.5,
    0.5,
    0.5,
    0.5,
    0.5,
    0.5,
    0.5,
    0.5,
    0.5,
    0.5,
    0.5,
    0.5,
    0.5,
    0.5,
    0.5,
    0.5,
    0.5,
    0.5
  ],
  "a": 1.0,
  "beta": 2.828429937362671,
  "energy_std_val_final": 0.9905610457994612,
  "learning_rate": 0.001,
  "final_learning_rate": 0.0002856078805640318,
  "energy_mean_val_final": 58.32798767089844,
  "energy_var_val_final": 0.9812111854553223,
  "energy_mean_val_history": [
    51.81288146972656,
    56.44044494628906,
    56.585609436035156,
    57.20634841918945,
    57.84770202636719,
    58.09880447387695,
    58.25917053222656,
    58.24728775024414,
    58.45366668701172,
    58.18764114379883,
    58.33942794799805,
    58.40209197998047,
    58.36164093017578,
    58.414405822753906,
    58.4935188293457,
    58.346092224121094,
    58.23100662231445,
    58.252540588378906,
    58.234439849853516,
    58.38072967529297,
    58.26906204223633,
    58.1790771484375,
    58.288944244384766,
    58.35340881347656,
    58.32798767089844
  ],
  "energy_std_val_history": [
    7.230812072753906,
    3.790177583694458,
    3.3973770141601562,
    2.7503974437713623,
    2.3958864212036133,
    1.9608063697814941,
    1.6965858936309814,
    1.4094693660736084,
    1.393697738647461,
    1.2512520551681519,
    1.1806983947753906,
    1.1848691701889038,
    1.2165333032608032,
    1.1293636560440063,
    1.21027410030365,
    1.0654664039611816,
    1.025434136390686,
    1.0207901000976562,
    1.0028239488601685,
    1.0266374349594116,
    1.0128039121627808,
    0.9868872165679932,
    0.9910406470298767,
    1.0002210140228271,
    0.9905610680580139
  ],
  "energy_var_val_history": [
    52.284645080566406,
    14.365446090698242,
    11.542169570922852,
    7.5646867752075195,
    5.74027156829834,
    3.844761371612549,
    2.878403663635254,
    1.9866039752960205,
    1.9423935413360596,
    1.5656317472457886,
    1.3940485715866089,
    1.4039148092269897,
    1.4799532890319824,
    1.27546226978302,
    1.4647635221481323,
    1.135218620300293,
    1.0515152215957642,
    1.042012333869934,
    1.0056557655334473,
    1.053984522819519,
    1.0257718563079834,
    0.9739463329315186,
    0.9821615815162659,
    1.0004420280456543,
    0.9812111854553223
  ],
  "epochs": [
    0,
    1,
    2,
    3,
    4,
    5,
    6,
    7,
    8,
    9,
    10,
    11,
    12,
    13,
    14,
    15,
    16,
    17,
    18,
    19,
    20,
    21,
    22,
    23,
    24,
    25,
    26,
    27,
    28,
    29,
    30,
    31,
    32,
    33,
    34,
    35,
    36,
    37,
    38,
    39,
    40,
    41,
    42,
    43,
    44,
    45,
    46,
    47,
    48,
    49,
    50,
    51,
    52,
    53,
    54,
    55,
    56,
    57,
    58,
    59,
    60,
    61,
    62,
    63,
    64,
    65,
    66,
    67,
    68,
    69,
    70,
    71,
    72,
    73,
    74,
    75,
    76,
    77,
    78,
    79,
    80,
    81,
    82,
    83,
    84,
    85,
    86,
    87,
    88,
    89,
    90,
    91,
    92,
    93,
    94,
    95,
    96,
    97,
    98,
    99,
    100,
    101,
    102,
    103,
    104,
    105,
    106,
    107,
    108,
    109,
    110,
    111,
    112,
    113,
    114,
    115,
    116,
    117,
    118,
    119,
    120,
    121,
    122,
    123,
    124,
    125,
    126,
    127,
    128,
    129,
    130,
    131,
    132,
    133,
    134,
    135,
    136,
    137,
    138,
    139,
    140,
    141,
    142,
    143,
    144,
    145,
    146,
    147,
    148,
    149,
    150,
    151,
    152,
    153,
    154,
    155,
    156,
    157,
    158,
    159,
    160,
    161,
    162,
    163,
    164,
    165,
    166,
    167,
    168,
    169,
    170,
    171,
    172,
    173,
    174,
    175,
    176,
    177,
    178,
    179,
    180,
    181,
    182,
    183,
    184,
    185,
    186,
    187,
    188,
    189,
    190,
    191,
    192,
    193,
    194,
    195,
    196,
    197,
    198,
    199,
    200,
    201,
    202,
    203,
    204,
    205,
    206,
    207,
    208,
    209,
    210,
    211,
    212,
    213,
    214,
    215,
    216,
    217,
    218,
    219,
    220,
    221,
    222,
    223,
    224,
    225,
    226,
    227,
    228,
    229,
    230,
    231,
    232,
    233,
    234,
    235,
    236,
    237,
    238,
    239,
    240,
    241,
    242,
    243,
    244,
    245,
    246,
    247,
    248,
    249
  ],