{
  "model_name": "10N_beta2.82843_jastrow0.4_a1.0_tp1.00e+03",
  "model_config": {
    "dim": 3,
    "N": 10,
    "rho_hidden": [
      32,
      32
    ],
    "phi_hidden": [
      8,
      8
    ],
    "eta_hidden": [
      8,
      8,
      8
    ],
    "phi_output": 4,
    "eta_output": 4,
    "activation_function": "GELU",
    "alpha": 0.5,
    "beta": 2.82843,
    "trainable_alpha": false,
    "a": 1.0,
    "omega_z": 2.82843,
    "omega_ho": 1.0,
    "trainable_energy": false,
    "beta_jastrow": 0.4,
    "trainable_beta_jastrow": false
  },
  "training_points": 1000,
  "batch_size": 100,
  "width": 0.85,
  "val_seed": 42,
  "val_points": 10000,
  "seed": 17,
  "energy_parameter_final": 58.09000015258789,
  "energy_parameter_history": [
    58.09000015258789,
    58.09000015258789,
    58.09000015258789,
    58.09000015258789,
    58.09000015258789,
    58.09000015258789,
    58.09000015258789,
    58.09000015258789,
    58.09000015258789,
    58.09000015258789,
    58.09000015258789,
    58.09000015258789,
    58.09000015258789,
    58.09000015258789,
    58.09000015258789,
    58.09000015258789,
    58.09000015258789,
    58.09000015258789,
    58.09000015258789,
    58.09000015258789,
    58.09000015258789,
    58.09000015258789,
    58.09000015258789,
    58.09000015258789,
    58.09000015258789
  ],
  "alpha_initial": 0.5,
  "alpha_final": 0.5,
  "alpha_history": [
    0.5,
    0.5,
    0.5,
    0.5,
    0.5,
    0.5,
    0.5,
    0.5,
    0.5,
    0.5,
    0.5,
    0.5,
    0.5,
    0.5,
    0.5,
    0.5,
    0.5,
    0.5,
    0.5,
    0.5,
    0.5,
    0.5,
    0.5,
    0.5,
    0.5
  ],
  "a": 1.0,
  "beta": 2.828429937362671,
  "energy_std_val_final": 1.177610476225403,
  "learning_rate": 0.001,
  "final_learning_rate": 0.0002856078805640318,
  "energy_mean_val_final": 57.67955017089844,
  "energy_var_val_final": 1.3867664337158203,
  "energy_mean_val_history": [
    34.6678581237793,
    54.60507583618164,
    55.76739501953125,
    58.1754264831543,
    58.25695037841797,
    57.980411529541016,
    57.33364486694336,
    58.5362434387207,
    56.963619232177734,
    58.152679443359375,
    57.45872497558594,
    57.68220138549805,
    58.52088165283203,
    57.416351318359375,
    57.66205596923828,
    58.090911865234375,
    58.62919998168945,
    57.38768768310547,
    57.456024169921875,
    57.83346176147461,
    57.651248931884766,
    57.68186950683594,
    57.789024353027344,
    58.21171188354492,
    57.67955017089844
  ],
  "energy_std_val_history": [
    33.88607406616211,
    6.397069931030273,
    3.3147025108337402,
    2.9271652698516846,
    2.6195225715637207,
    2.2853991985321045,
    1.9147720336914062,
    2.2461609840393066,
    1.6627308130264282,
    1.7123236656188965,
    1.4773155450820923,
    1.4159070253372192,
    1.643243432044983,
    1.3586907386779785,
    1.3034764528274536,
    1.3684898614883423,
    1.4986728429794312,
    1.3030195236206055,
    1.2216371297836304,
    1.3018109798431396,
    1.2191778421401978,
    1.2109698057174683,
    1.2324897050857544,
    1.3359217643737793,
    1.1776105165481567
  ],
  "energy_var_val_history": [
    1148.2659912109375,
    40.92250442504883,
    10.987252235412598,
    8.568296432495117,
    6.861898899078369,
    5.223050117492676,
    3.6663520336151123,
    5.045239448547363,
    2.764673948287964,
    2.9320523738861084,
    2.1824612617492676,
    2.0047926902770996,
    2.7002487182617188,
    1.8460404872894287,
    1.699051022529602,
    1.8727643489837646,
    2.246020555496216,
    1.6978600025177002,
    1.4923971891403198,
    1.694711685180664,
    1.4863945245742798,
    1.4664477109909058,
    1.5190309286117554,
    1.7846869230270386,
    1.3867664337158203
  ],
  "epochs": [
    0,
    1,
    2,
    3,
    4,
    5,
    6,
    7,
    8,
    9,
    10,
    11,
    12,
    13,
    14,
    15,
    16,
    17,
    18,
    19,
    20,
    21,
    22,
    23,
    24,
    25,
    26,
    27,
    28,
    29,
    30,
    31,
    32,
    33,
    34,
    35,
    36,
    37,
    38,
    39,
    40,
    41,
    42,
    43,
    44,
    45,
    46,
    47,
    48,
    49,
    50,
    51,
    52,
    53,
    54,
    55,
    56,
    57,
    58,
    59,
    60,
    61,
    62,
    63,
    64,
    65,
    66,
    67,
    68,
    69,
    70,
    71,
    72,
    73,
    74,
    75,
    76,
    77,
    78,
    79,
    80,
    81,
    82,
    83,
    84,
    85,
    86,
    87,
    88,
    89,
    90,
    91,
    92,
    93,
    94,
    95,
    96,
    97,
    98,
    99,
    100,
    101,
    102,
    103,
    104,
    105,
    106,
    107,
    108,
    109,
    110,
    111,
    112,
    113,
    114,
    115,
    116,
    117,
    118,
    119,
    120,
    121,
    122,
    123,
    124,
    125,
    126,
    127,
    128,
    129,
    130,
    131,
    132,
    133,
    134,
    135,
    136,
    137,
    138,
    139,
    140,
    141,
    142,
    143,
    144,
    145,
    146,
    147,
    148,
    149,
    150,
    151,
    152,
    153,
    154,
    155,
    156,
    157,
    158,
    159,
    160,
    161,
    162,
    163,
    164,
    165,
    166,
    167,
    168,
    169,
    170,
    171,
    172,
    173,
    174,
    175,
    176,
    177,
    178,
    179,
    180,
    181,
    182,
    183,
    184,
    185,
    186,
    187,
    188,
    189,
    190,
    191,
    192,
    193,
    194,
    195,
    196,
    197,
    198,
    199,
    200,
    201,
    202,
    203,
    204,
    205,
    206,
    207,
    208,
    209,
    210,
    211,
    212,
    213,
    214,
    215,
    216,
    217,
    218,
    219,
    220,
    221,
    222,
    223,
    224,
    225,
    226,
    227,
    228,
    229,
    230,
    231,
    232,
    233,
    234,
    235,
    236,
    237,
    238,
    239,
    240,
    241,
    242,
    243,
    244,
    245,
    246,
    247,
    248,
    249
  ],