{
  "model_name": "10N_beta2.82843_jastrow0.5_width0.9_a1.0_tp2.00e+03_epoc250",
  "model_config": {
    "dim": 3,
    "N": 10,
    "rho_hidden": [
      32,
      32
    ],
    "phi_hidden": [
      8,
      8
    ],
    "eta_hidden": [
      8,
      8
    ],
    "phi_output": 4,
    "eta_output": 4,
    "activation_function": "GELU",
    "alpha": 0.5,
    "beta": 2.82843,
    "trainable_alpha": false,
    "a": 1.0,
    "omega_z": 2.82843,
    "omega_ho": 1.0,
    "trainable_energy": false,
    "beta_jastrow": 0.5,
    "trainable_beta_jastrow": false
  },
  "training_points": 2000,
  "batch_size": 200,
  "width": 0.9,
  "val_seed": 42,
  "val_points": 2000,
  "seed": 17,
  "energy_parameter_final": 58.09000015258789,
  "energy_parameter_history": [
    58.09000015258789,
    58.09000015258789,
    58.09000015258789,
    58.09000015258789,
    58.09000015258789,
    58.09000015258789,
    58.09000015258789,
    58.09000015258789,
    58.09000015258789,
    58.09000015258789,
    58.09000015258789,
    58.09000015258789,
    58.09000015258789,
    58.09000015258789,
    58.09000015258789,
    58.09000015258789,
    58.09000015258789,
    58.09000015258789,
    58.09000015258789,
    58.09000015258789,
    58.09000015258789,
    58.09000015258789,
    58.09000015258789,
    58.09000015258789,
    58.09000015258789
  ],
  "alpha_initial": 0.5,
  "alpha_final": 0.5,
  "alpha_history": [
    0.5,
    0.5,
    0.5,
    0.5,
    0.5,
    0.5,
    0.5,
    0.5,
    0.5,
    0.5,
    0.5,
    0.5,
    0.5,
    0.5,
    0.5,
    0.5,
    0.5,
    0.5,
    0.5,
    0.5,
    0.5,
    0.5,
    0.5,
    0.5,
    0.5
  ],
  "a": 1.0,
  "beta": 2.828429937362671,
  "energy_std_val_final": 1.9489835853374746,
  "learning_rate": 0.001,
  "final_learning_rate": 0.0002856078805640318,
  "energy_mean_val_final": 57.64007568359375,
  "energy_var_val_final": 3.798537015914917,
  "energy_mean_val_history": [
    36.286380767822266,
    53.30708694458008,
    54.942752838134766,
    55.51240539550781,
    55.46247482299805,
    57.0606689453125,
    57.36703872680664,
    56.5360221862793,
    57.392269134521484,
    57.44933319091797,
    56.86793899536133,
    56.92754364013672,
    56.78499984741211,
    57.67054748535156,
    56.62530517578125,
    57.978904724121094,
    56.533653259277344,
    57.395530700683594,
    56.95648956298828,
    57.327877044677734,
    57.45121765136719,
    57.07298278808594,
    58.078861236572266,
    58.04391860961914,
    57.64007568359375
  ],
  "energy_std_val_history": [
    14.460716247558594,
    6.82050895690918,
    4.881298542022705,
    4.199095726013184,
    3.691941738128662,
    3.9965598583221436,
    3.852287530899048,
    3.3135151863098145,
    3.377490520477295,
    3.250978946685791,
    2.8746607303619385,
    2.819632053375244,
    2.7271456718444824,
    2.870173454284668,
    2.410250425338745,
    2.731760263442993,
    2.2302889823913574,
    2.2959370613098145,
    2.1135926246643066,
    2.091566562652588,
    2.037961721420288,
    1.9146335124969482,
    2.205458879470825,
    2.163093090057373,
    1.9489835500717163
  ],
  "energy_var_val_history": [
    209.11231994628906,
    46.51934051513672,
    23.82707405090332,
    17.632404327392578,
    13.630433082580566,
    15.972490310668945,
    14.840119361877441,
    10.97938346862793,
    11.407443046569824,
    10.568863868713379,
    8.26367473602295,
    7.950325012207031,
    7.437323093414307,
    8.237895965576172,
    5.80930757522583,
    7.4625139236450195,
    4.974189281463623,
    5.271327495574951,
    4.467274188995361,
    4.374650955200195,
    4.1532883644104,
    3.6658213138580322,
    4.864048957824707,
    4.678971767425537,
    3.798537015914917
  ],
  "epochs": [
    0,
    1,
    2,
    3,
    4,
    5,
    6,
    7,
    8,
    9,
    10,
    11,
    12,
    13,
    14,
    15,
    16,
    17,
    18,
    19,
    20,
    21,
    22,
    23,
    24,
    25,
    26,
    27,
    28,
    29,
    30,
    31,
    32,
    33,
    34,
    35,
    36,
    37,
    38,
    39,
    40,
    41,
    42,
    43,
    44,
    45,
    46,
    47,
    48,
    49,
    50,
    51,
    52,
    53,
    54,
    55,
    56,
    57,
    58,
    59,
    60,
    61,
    62,
    63,
    64,
    65,
    66,
    67,
    68,
    69,
    70,
    71,
    72,
    73,
    74,
    75,
    76,
    77,
    78,
    79,
    80,
    81,
    82,
    83,
    84,
    85,
    86,
    87,
    88,
    89,
    90,
    91,
    92,
    93,
    94,
    95,
    96,
    97,
    98,
    99,
    100,
    101,
    102,
    103,
    104,
    105,
    106,
    107,
    108,
    109,
    110,
    111,
    112,
    113,
    114,
    115,
    116,
    117,
    118,
    119,
    120,
    121,
    122,
    123,
    124,
    125,
    126,
    127,
    128,
    129,
    130,
    131,
    132,
    133,
    134,
    135,
    136,
    137,
    138,
    139,
    140,
    141,
    142,
    143,
    144,
    145,
    146,
    147,
    148,
    149,
    150,
    151,
    152,
    153,
    154,
    155,
    156,
    157,
    158,
    159,
    160,
    161,
    162,
    163,
    164,
    165,
    166,
    167,
    168,
    169,
    170,
    171,
    172,
    173,
    174,
    175,
    176,
    177,
    178,
    179,
    180,
    181,
    182,
    183,
    184,
    185,
    186,
    187,
    188,
    189,
    190,
    191,
    192,
    193,
    194,
    195,
    196,
    197,
    198,
    199,
    200,
    201,
    202,
    203,
    204,
    205,
    206,
    207,
    208,
    209,
    210,
    211,
    212,
    213,
    214,
    215,
    216,
    217,
    218,
    219,
    220,
    221,
    222,
    223,
    224,
    225,
    226,
    227,
    228,
    229,
    230,
    231,
    232,
    233,
    234,
    235,
    236,
    237,
    238,
    239,
    240,
    241,
    242,
    243,
    244,
    245,
    246,
    247,
    248,
    249
  ],