{
  "model_name": "10N_beta2.82843_jastrow0.5_width0.85_a1.0_tp2.00e+03_epoc250",
  "model_config": {
    "dim": 3,
    "N": 10,
    "rho_hidden": [
      32,
      32
    ],
    "phi_hidden": [
      8,
      8
    ],
    "eta_hidden": [
      8,
      8
    ],
    "phi_output": 4,
    "eta_output": 4,
    "activation_function": "GELU",
    "alpha": 0.5,
    "beta": 2.82843,
    "trainable_alpha": false,
    "a": 1.0,
    "omega_z": 2.82843,
    "omega_ho": 1.0,
    "trainable_energy": false,
    "beta_jastrow": 0.5,
    "trainable_beta_jastrow": false
  },
  "training_points": 2000,
  "batch_size": 100,
  "width": 0.85,
  "val_seed": 42,
  "val_points": 10000,
  "seed": 17,
  "energy_parameter_final": 58.09000015258789,
  "energy_parameter_history": [
    58.09000015258789,
    58.09000015258789,
    58.09000015258789,
    58.09000015258789,
    58.09000015258789,
    58.09000015258789,
    58.09000015258789,
    58.09000015258789,
    58.09000015258789,
    58.09000015258789,
    58.09000015258789,
    58.09000015258789,
    58.09000015258789,
    58.09000015258789,
    58.09000015258789,
    58.09000015258789,
    58.09000015258789,
    58.09000015258789,
    58.09000015258789,
    58.09000015258789,
    58.09000015258789,
    58.09000015258789,
    58.09000015258789,
    58.09000015258789,
    58.09000015258789
  ],
  "alpha_initial": 0.5,
  "alpha_final": 0.5,
  "alpha_history": [
    0.5,
    0.5,
    0.5,
    0.5,
    0.5,
    0.5,
    0.5,
    0.5,
    0.5,
    0.5,
    0.5,
    0.5,
    0.5,
    0.5,
    0.5,
    0.5,
    0.5,
    0.5,
    0.5,
    0.5,
    0.5,
    0.5,
    0.5,
    0.5,
    0.5
  ],
  "a": 1.0,
  "beta": 2.828429937362671,
  "energy_std_val_final": 0.8485123139444918,
  "learning_rate": 0.001,
  "final_learning_rate": 0.0002856078805640318,
  "energy_mean_val_final": 57.954376220703125,
  "energy_var_val_final": 0.7199731469154358,
  "energy_mean_val_history": [
    42.90205764770508,
    56.00701141357422,
    56.67356872558594,
    57.26752471923828,
    57.273738861083984,
    57.55548095703125,
    57.66889190673828,
    57.816139221191406,
    57.9494514465332,
    57.84066390991211,
    58.001487731933594,
    57.954505920410156,
    57.8770751953125,
    57.961456298828125,
    57.94682312011719,
    57.83442687988281,
    57.89252471923828,
    58.02946853637695,
    57.95884323120117,
    57.8529052734375,
    57.77133560180664,
    57.901580810546875,
    57.97903060913086,
    57.75926208496094,
    57.954376220703125
  ],
  "energy_std_val_history": [
    17.08970069885254,
    6.249757289886475,
    3.5179965496063232,
    2.663674831390381,
    2.023055076599121,
    1.6758702993392944,
    1.4619642496109009,
    1.320435643196106,
    1.2280685901641846,
    1.1457158327102661,
    1.120660662651062,
    1.0697630643844604,
    1.0573322772979736,
    1.0449475049972534,
    0.9879893064498901,
    0.9575880765914917,
    0.9321178197860718,
    0.9463012218475342,
    0.9216957092285156,
    0.8879550099372864,
    0.9017096757888794,
    0.8666014671325684,
    0.8677504062652588,
    0.8429994583129883,
    0.8485123515129089
  ],
  "energy_var_val_history": [
    292.0578918457031,
    39.05946350097656,
    12.376298904418945,
    7.095163822174072,
    4.092751502990723,
    2.8085410594940186,
    2.1373395919799805,
    1.743550419807434,
    1.5081524848937988,
    1.3126648664474487,
    1.2558802366256714,
    1.1443928480148315,
    1.117951512336731,
    1.0919153690338135,
    0.9761228561401367,
    0.9169748425483704,
    0.8688436150550842,
    0.8954859375953674,
    0.8495230078697205,
    0.7884641289710999,
    0.8130803108215332,
    0.7509981393814087,
    0.75299072265625,
    0.7106481194496155,
    0.7199731469154358
  ],
  "epochs": [
    0,
    1,
    2,
    3,
    4,
    5,
    6,
    7,
    8,
    9,
    10,
    11,
    12,
    13,
    14,
    15,
    16,
    17,
    18,
    19,
    20,
    21,
    22,
    23,
    24,
    25,
    26,
    27,
    28,
    29,
    30,
    31,
    32,
    33,
    34,
    35,
    36,
    37,
    38,
    39,
    40,
    41,
    42,
    43,
    44,
    45,
    46,
    47,
    48,
    49,
    50,
    51,
    52,
    53,
    54,
    55,
    56,
    57,
    58,
    59,
    60,
    61,
    62,
    63,
    64,
    65,
    66,
    67,
    68,
    69,
    70,
    71,
    72,
    73,
    74,
    75,
    76,
    77,
    78,
    79,
    80,
    81,
    82,
    83,
    84,
    85,
    86,
    87,
    88,
    89,
    90,
    91,
    92,
    93,
    94,
    95,
    96,
    97,
    98,
    99,
    100,
    101,
    102,
    103,
    104,
    105,
    106,
    107,
    108,
    109,
    110,
    111,
    112,
    113,
    114,
    115,
    116,
    117,
    118,
    119,
    120,
    121,
    122,
    123,
    124,
    125,
    126,
    127,
    128,
    129,
    130,
    131,
    132,
    133,
    134,
    135,
    136,
    137,
    138,
    139,
    140,
    141,
    142,
    143,
    144,
    145,
    146,
    147,
    148,
    149,
    150,
    151,
    152,
    153,
    154,
    155,
    156,
    157,
    158,
    159,
    160,
    161,
    162,
    163,
    164,
    165,
    166,
    167,
    168,
    169,
    170,
    171,
    172,
    173,
    174,
    175,
    176,
    177,
    178,
    179,
    180,
    181,
    182,
    183,
    184,
    185,
    186,
    187,
    188,
    189,
    190,
    191,
    192,
    193,
    194,
    195,
    196,
    197,
    198,
    199,
    200,
    201,
    202,
    203,
    204,
    205,
    206,
    207,
    208,
    209,
    210,
    211,
    212,
    213,
    214,
    215,
    216,
    217,
    218,
    219,
    220,
    221,
    222,
    223,
    224,
    225,
    226,
    227,
    228,
    229,
    230,
    231,
    232,
    233,
    234,
    235,
    236,
    237,
    238,
    239,
    240,
    241,
    242,
    243,
    244,
    245,
    246,
    247,
    248,
    249
  ],