{
  "model_name": "10N_beta2.82843test_jastrow0.5_width0.85_a1.0_tp1.00e+03",
  "model_config": {
    "dim": 3,
    "N": 10,
    "rho_hidden": [
      32,
      32
    ],
    "phi_hidden": [
      8,
      8
    ],
    "eta_hidden": [
      8,
      8,
      8
    ],
    "phi_output": 4,
    "eta_output": 4,
    "activation_function": "GELU",
    "alpha": 0.5,
    "beta": 2.82843,
    "trainable_alpha": false,
    "a": 1.0,
    "omega_z": 2.82843,
    "omega_ho": 1.0,
    "trainable_energy": false,
    "beta_jastrow": 0.5,
    "trainable_beta_jastrow": false
  },
  "training_points": 1000,
  "batch_size": 100,
  "width": 0.85,
  "val_seed": 42,
  "val_points": 10000,
  "seed": 17,
  "energy_parameter_final": 58.09000015258789,
  "energy_parameter_history": [
    58.09000015258789,
    58.09000015258789
  ],
  "alpha_initial": 0.5,
  "alpha_final": 0.5,
  "alpha_history": [
    0.5,
    0.5
  ],
  "a": 1.0,
  "beta": 2.828429937362671,
  "energy_std_val_final": 7.867856858084458,
  "learning_rate": 0.001,
  "final_learning_rate": 0.0009046104802746175,
  "energy_mean_val_final": 55.80733871459961,
  "energy_var_val_final": 61.90317153930664,
  "energy_mean_val_history": [
    -781.2811279296875,
    55.80733871459961
  ],
  "energy_std_val_history": [
    93.4673843383789,
    7.867856979370117
  ],
  "energy_var_val_history": [
    8736.1513671875,
    61.90317153930664
  ],
  "epochs": [
    0,
    1,
    2,
    3,
    4,
    5,
    6,
    7,
    8,
    9,
    10,
    11,
    12,
    13,
    14,
    15,
    16,
    17,
    18,
    19
  ],
  "train_loss": [
    11803455.25,
    142267.84951171876,
    2769.9279846191407,
    746.7863098144531,
    309.28514862060547,
    171.7495376586914,
    150.02860946655272,
    116.56938858032227,
    93.57696533203125,
    76.8430004119873,
    66.61875,
    73.20619659423828,
    53.964988708496094,
    53.23995018005371,
    57.356254959106444,
    57.318612289428714,
    53.65396633148193,
    54.20253295898438,
    44.978248596191406,
    38.46002368927002
  ],
  "val_loss": [
    713279.0625,
    67.10752868652344
  ],
  "epochs_val": [
    0,
    10
  ]
}