{
  "model_name": "10N_beta2.82843test_jastrow0.5_width0.75_a1.0_tp1.00e+03",
  "model_config": {
    "dim": 3,
    "N": 10,
    "rho_hidden": [
      32,
      32
    ],
    "phi_hidden": [
      8,
      8
    ],
    "eta_hidden": [
      8,
      8,
      8
    ],
    "phi_output": 4,
    "eta_output": 4,
    "activation_function": "GELU",
    "alpha": 0.5,
    "beta": 2.82843,
    "trainable_alpha": false,
    "a": 1.0,
    "omega_z": 2.82843,
    "omega_ho": 1.0,
    "trainable_energy": false,
    "beta_jastrow": 0.5,
    "trainable_beta_jastrow": false
  },
  "training_points": 1000,
  "batch_size": 100,
  "width": 0.75,
  "val_seed": 42,
  "val_points": 10000,
  "seed": 17,
  "energy_parameter_final": 58.09000015258789,
  "energy_parameter_history": [
    58.09000015258789,
    58.09000015258789
  ],
  "alpha_initial": 0.5,
  "alpha_final": 0.5,
  "alpha_history": [
    0.5,
    0.5
  ],
  "a": 1.0,
  "beta": 2.828429937362671,
  "energy_std_val_final": 5.250172021863214,
  "learning_rate": 0.001,
  "final_learning_rate": 0.0009046104802746175,
  "energy_mean_val_final": 50.323734283447266,
  "energy_var_val_final": 27.564306259155273,
  "energy_mean_val_history": [
    60.62582015991211,
    50.323734283447266
  ],
  "energy_std_val_history": [
    22.1478328704834,
    5.250172138214111
  ],
  "energy_var_val_history": [
    490.5264892578125,
    27.564306259155273
  ],
  "epochs": [
    0,
    1,
    2,
    3,
    4,
    5,
    6,
    7,
    8,
    9,
    10,
    11,
    12,
    13,
    14,
    15,
    16,
    17,
    18,
    19
  ],
  "train_loss": [
    883510.5348236084,
    945.7176071166992,
    1483.577828979492,
    377.1899955749512,
    270.14310760498046,
    139.88097534179687,
    129.4270320892334,
    140.1086025238037,
    119.64571380615234,
    109.71813125610352,
    109.05348129272461,
    109.2066520690918,
    96.60190124511719,
    97.01648406982422,
    94.29738388061523,
    83.87157325744629,
    92.30724182128907,
    86.64343719482422,
    81.07293434143067,
    75.6546417236328
  ],
  "val_loss": [
    496.9078063964844,
    87.87641143798828
  ],
  "epochs_val": [
    0,
    10
  ]
}