{
  "model_name": "10N_beta2.82843_jastrow0.5_width1.2_a1.0_tp1.00e+03",
  "model_config": {
    "dim": 3,
    "N": 10,
    "rho_hidden": [
      32,
      32
    ],
    "phi_hidden": [
      8,
      8
    ],
    "eta_hidden": [
      8,
      8,
      8
    ],
    "phi_output": 4,
    "eta_output": 4,
    "activation_function": "GELU",
    "alpha": 0.5,
    "beta": 2.82843,
    "trainable_alpha": false,
    "a": 1.0,
    "omega_z": 2.82843,
    "omega_ho": 1.0,
    "trainable_energy": false,
    "beta_jastrow": 0.5,
    "trainable_beta_jastrow": false
  },
  "training_points": 1000,
  "batch_size": 100,
  "width": 1.2,
  "val_seed": 42,
  "val_points": 10000,
  "seed": 17,
  "energy_parameter_final": 58.09000015258789,
  "energy_parameter_history": [
    58.09000015258789,
    58.09000015258789,
    58.09000015258789,
    58.09000015258789,
    58.09000015258789,
    58.09000015258789,
    58.09000015258789,
    58.09000015258789,
    58.09000015258789,
    58.09000015258789
  ],
  "alpha_initial": 0.5,
  "alpha_final": 0.5,
  "alpha_history": [
    0.5,
    0.5,
    0.5,
    0.5,
    0.5,
    0.5,
    0.5,
    0.5,
    0.5,
    0.5
  ],
  "a": 1.0,
  "beta": 2.828429937362671,
  "energy_std_val_final": 2.691168919966236,
  "learning_rate": 0.001,
  "final_learning_rate": 0.0006057704364907278,
  "energy_mean_val_final": 57.34273910522461,
  "energy_var_val_final": 7.242390155792236,
  "energy_mean_val_history": [
    14.141765594482422,
    46.13153076171875,
    52.01527404785156,
    54.87620162963867,
    56.207366943359375,
    56.56108093261719,
    57.30332565307617,
    57.008724212646484,
    57.30501937866211,
    57.34273910522461
  ],
  "energy_std_val_history": [
    21.24289321899414,
    10.353388786315918,
    7.434240341186523,
    5.3899407386779785,
    4.732885360717773,
    4.167980670928955,
    3.8696110248565674,
    3.2917182445526123,
    2.957186698913574,
    2.691168785095215
  ],
  "energy_var_val_history": [
    451.2605285644531,
    107.1926498413086,
    55.2679328918457,
    29.051464080810547,
    22.40020179748535,
    17.37206268310547,
    14.973889350891113,
    10.835409164428711,
    8.744953155517578,
    7.242390155792236
  ],
  "epochs": [
    0,
    1,
    2,
    3,
    4,
    5,
    6,
    7,
    8,
    9,
    10,
    11,
    12,
    13,
    14,
    15,
    16,
    17,
    18,
    19,
    20,
    21,
    22,
    23,
    24,
    25,
    26,
    27,
    28,
    29,
    30,
    31,
    32,
    33,
    34,
    35,
    36,
    37,
    38,
    39,
    40,
    41,
    42,
    43,
    44,
    45,
    46,
    47,
    48,
    49,
    50,
    51,
    52,
    53,
    54,
    55,
    56,
    57,
    58,
    59,
    60,
    61,
    62,
    63,
    64,
    65,
    66,
    67,
    68,
    69,
    70,
    71,
    72,
    73,
    74,
    75,
    76,
    77,
    78,
    79,
    80,
    81,
    82,
    83,
    84,
    85,
    86,
    87,
    88,
    89,
    90,
    91,
    92,
    93,
    94,
    95,
    96,
    97,
    98,
    99
  ],
  "train_loss": [
    4484.02451171875,
    1839.3149658203124,
    1204.555908203125,
    958.467138671875,
    660.1807556152344,
    602.696566772461,
    440.2048797607422,
    385.10889892578126,
    338.6249053955078,
    305.1566787719727,
    258.5760971069336,
    226.45057525634766,
    225.9402847290039,
    234.38359680175782,
    170.67555618286133,
    159.84607543945313,
    170.70238800048827,
    119.94651412963867,
    123.4845344543457,
    114.74082565307617,
    98.15097885131836,
    92.44440841674805,
    76.15412750244141,
    72.48045272827149,
    62.598411560058594,
    58.17709541320801,
    48.05265808105469,
    49.60916366577148,
    44.14953460693359,
    44.3336841583252,
    43.565575218200685,
    37.80475845336914,
    35.45775508880615,
    37.13288192749023,
    31.47065258026123,
    38.43087673187256,
    33.25780143737793,
    28.192861366271973,
    28.005569839477538,
    28.422071838378905,
    24.461600303649902,
    28.888916110992433,
    23.68656940460205,
    26.503710174560545,
    25.323580741882324,
    24.634697723388673,
    20.2680100440979,
    24.25436372756958,
    20.77582130432129,
    23.072454833984374,
    20.368322467803956,
    19.100039958953857,
    19.329229640960694,
    19.749788761138916,
    20.00804719924927,
    17.962126636505126,
    17.18047170639038,
    16.786076831817628,
    16.595216941833495,
    15.020776176452637,
    16.789912700653076,
    16.644304752349854,
    15.114424228668213,
    13.279209423065186,
    15.605847835540771,
    13.761849784851075,
    13.243608665466308,
    12.919113445281983,
    14.860124969482422,
    12.804241466522218,
    11.938379049301147,
    11.84173674583435,
    11.478181743621827,
    12.509575271606446,
    12.6346595287323,
    10.338806772232056,
    12.248291969299316,
    10.64437975883484,
    10.12237753868103,
    11.635757350921631,
    10.08055419921875,
    8.666774702072143,
    8.848535346984864,
    8.718100023269653,
    8.973640966415406,
    7.401715183258057,
    7.6075249195098875,
    8.135080814361572,
    8.79231824874878,
    7.254657363891601,
    7.425362491607666,
    6.4445030212402346,
    7.373115205764771,
    7.194546127319336,
    9.332801103591919,
    6.414516162872315,
    9.237905979156494,
    6.40030689239502,
    7.882283687591553,
    6.930756425857544
  ],
  "val_loss": [
    2382.662841796875,
    250.18699645996094,
    92.16471099853516,
    39.3770637512207,
    25.942249298095703,
    19.70792007446289,
    15.591241836547852,
    12.003480911254883,
    9.360278129577637,
    7.800062656402588
  ],
  "epochs_val": [
    0,
    10,
    20,
    30,
    40,
    50,
    60,
    70,
    80,
    90
  ]
}