{
  "model_name": "10N_beta2.82843_lr0.001_a1.0_tp1.00e+03",
  "model_config": {
    "dim": 3,
    "N": 10,
    "rho_hidden": [
      32,
      32
    ],
    "phi_hidden": [
      8,
      8
    ],
    "eta_hidden": [
      8,
      8
    ],
    "phi_output": 4,
    "eta_output": 4,
    "activation_function": "GELU",
    "alpha": 0.5,
    "beta": 2.82843,
    "trainable_alpha": false,
    "a": 1.0,
    "omega_z": 2.82843,
    "omega_ho": 1.0,
    "trainable_energy": false,
    "beta_jastrow": 0.1,
    "trainable_beta_jastrow": false
  },
  "training_points": 1000,
  "batch_size": 100,
  "width": 1.0,
  "val_seed": 42,
  "val_points": 10000,
  "seed": 17,
  "energy_parameter_final": 58.09000015258789,
  "energy_parameter_history": [
    58.09000015258789,
    58.09000015258789,
    58.09000015258789,
    58.09000015258789,
    58.09000015258789,
    58.09000015258789,
    58.09000015258789,
    58.09000015258789,
    58.09000015258789,
    58.09000015258789,
    58.09000015258789,
    58.09000015258789,
    58.09000015258789,
    58.09000015258789,
    58.09000015258789,
    58.09000015258789,
    58.09000015258789,
    58.09000015258789,
    58.09000015258789,
    58.09000015258789,
    58.09000015258789,
    58.09000015258789,
    58.09000015258789,
    58.09000015258789,
    58.09000015258789,
    58.09000015258789,
    58.09000015258789,
    58.09000015258789,
    58.09000015258789,
    58.09000015258789,
    58.09000015258789,
    58.09000015258789,
    58.09000015258789,
    58.09000015258789,
    58.09000015258789,
    58.09000015258789,
    58.09000015258789,
    58.09000015258789,
    58.09000015258789,
    58.09000015258789
  ],
  "alpha_initial": 0.5,
  "alpha_final": 0.5,
  "alpha_history": [
    0.5,
    0.5,
    0.5,
    0.5,
    0.5,
    0.5,
    0.5,
    0.5,
    0.5,
    0.5,
    0.5,
    0.5,
    0.5,
    0.5,
    0.5,
    0.5,
    0.5,
    0.5,
    0.5,
    0.5,
    0.5,
    0.5,
    0.5,
    0.5,
    0.5,
    0.5,
    0.5,
    0.5,
    0.5,
    0.5,
    0.5,
    0.5,
    0.5,
    0.5,
    0.5,
    0.5,
    0.5,
    0.5,
    0.5,
    0.5
  ],
  "a": 1.0,
  "beta": 2.828429937362671,
  "energy_std_val_final": 1.1883112997033844,
  "learning_rate": 0.001,
  "final_learning_rate": 0.00013465804292601329,
  "energy_mean_val_final": 57.78910446166992,
  "energy_var_val_final": 1.4120837450027466,
  "energy_mean_val_history": [
    -69.26597595214844,
    53.69029235839844,
    56.82320022583008,
    57.552120208740234,
    56.536373138427734,
    57.537025451660156,
    57.414825439453125,
    57.3898811340332,
    57.936798095703125,
    58.068138122558594,
    57.0875244140625,
    57.36296844482422,
    58.05716323852539,
    57.72114562988281,
    57.86857986450195,
    57.92247009277344,
    57.39690017700195,
    58.05084991455078,
    58.321964263916016,
    57.435916900634766,
    57.7125129699707,
    57.82172393798828,
    58.07737350463867,
    57.715538024902344,
    57.863311767578125,
    57.964088439941406,
    57.53376388549805,
    57.68685531616211,
    57.96468734741211,
    57.7877197265625,
    57.81919479370117,
    57.699676513671875,
    57.69827651977539,
    58.16703796386719,
    57.7192268371582,
    57.942935943603516,
    57.994781494140625,
    57.615501403808594,
    57.704341888427734,
    57.78910446166992
  ],
  "energy_std_val_history": [
    67.55255889892578,
    6.643148422241211,
    3.610710620880127,
    2.968670606613159,
    2.494311809539795,
    2.417022466659546,
    2.106344699859619,
    1.9616299867630005,
    2.0019137859344482,
    1.9665480852127075,
    1.7381678819656372,
    1.6769644021987915,
    1.7720954418182373,
    1.6157135963439941,
    1.6224592924118042,
    1.5923538208007812,
    1.4419548511505127,
    1.634735107421875,
    1.6397337913513184,
    1.4256908893585205,
    1.4075037240982056,
    1.4163204431533813,
    1.4871406555175781,
    1.3413664102554321,
    1.357866883277893,
    1.36601984500885,
    1.2590405941009521,
    1.277701497077942,
    1.3207265138626099,
    1.2698725461959839,
    1.269357442855835,
    1.227070927619934,
    1.2124162912368774,
    1.3383839130401611,
    1.2014557123184204,
    1.2506496906280518,
    1.2574987411499023,
    1.1608303785324097,
    1.1847347021102905,
    1.1883113384246826
  ],
  "energy_var_val_history": [
    4563.34814453125,
    44.13141632080078,
    13.037230491638184,
    8.813005447387695,
    6.221591472625732,
    5.841997146606445,
    4.436688423156738,
    3.847992181777954,
    4.007658958435059,
    3.8673112392425537,
    3.0212273597717285,
    2.8122096061706543,
    3.140322208404541,
    2.610530376434326,
    2.6323740482330322,
    2.535590887069702,
    2.0792338848114014,
    2.672358751296997,
    2.6887269020080566,
    2.0325944423675537,
    1.9810665845870972,
    2.0059635639190674,
    2.211587429046631,
    1.799263834953308,
    1.843802571296692,
    1.8660101890563965,
    1.5851832628250122,
    1.6325212717056274,
    1.7443184852600098,
    1.6125762462615967,
    1.6112685203552246,
    1.5057029724121094,
    1.469953179359436,
    1.791271448135376,
    1.4434958696365356,
    1.5641247034072876,
    1.5813030004501343,
    1.347527265548706,
    1.4035961627960205,
    1.4120837450027466
  ],