{
  "model_name": "10N_beta2.82843_lr3_20k_width0.75",
  "model_config": {
    "dim": 3,
    "N": 10,
    "rho_hidden": [
      32,
      32,
      32,
      32
    ],
    "phi_hidden": [
      8
    ],
    "eta_hidden": [
      8
    ],
    "phi_output": 4,
    "eta_output": 4,
    "activation_function": "GELU",
    "alpha": 0.5,
    "beta": 2.82843,
    "trainable_alpha": false,
    "a": 0.0,
    "omega_z": 2.82843,
    "omega_ho": 1.0
  },
  "energy_parameter_final": 24.10602378845215,
  "energy_parameter_history": [
    24.123092651367188,
    24.007404327392578,
    23.96196174621582,
    23.93439483642578,
    23.93829345703125,
    23.953765869140625,
    23.963573455810547,
    23.978229522705078,
    24.000215530395508,
    24.0206298828125,
    24.040679931640625,
    24.053911209106445,
    24.058170318603516,
    24.062694549560547,
    24.06765365600586,
    24.07707977294922,
    24.08498191833496,
    24.093210220336914,
    24.097251892089844,
    24.103548049926758
  ],
  "alpha_initial": 0.5,
  "alpha_final": 0.5,
  "alpha_history": [
    0.5,
    0.5,
    0.5,
    0.5,
    0.5,
    0.5,
    0.5,
    0.5,
    0.5,
    0.5,
    0.5,
    0.5,
    0.5,
    0.5,
    0.5,
    0.5,
    0.5,
    0.5,
    0.5,
    0.5
  ],
  "a": 0.0,
  "beta": 2.828429937362671,
  "energy_std_val_final": 0.5713199704930314,
  "learning_rate": 0.001,
  "final_learning_rate": 0.00013397967485796178,
  "energy_mean_val_final": 24.063297271728516,
  "energy_mean_val_history": [
    18.456729888916016,
    20.971389770507812,
    24.183900833129883,
    23.57941246032715,
    24.031063079833984,
    24.112770080566406,
    23.725378036499023,
    23.959793090820312,
    23.976707458496094,
    23.984224319458008,
    24.034507751464844,
    24.029808044433594,
    24.03107261657715,
    24.049951553344727,
    24.06804084777832,
    24.210060119628906,
    24.07238006591797,
    24.084171295166016,
    24.15509605407715,
    24.063297271728516
  ],
  "energy_var_val_final": 0.3264065086841583,
  "energy_var_val_history": [
    39.40183639526367,
    9.771979331970215,
    6.641449928283691,
    2.677872657775879,
    1.6535919904708862,
    1.4279130697250366,
    1.5908819437026978,
    1.0397454500198364,
    0.8665156364440918,
    0.7082394957542419,
    0.6324325203895569,
    0.548059344291687,
    0.549358069896698,
    0.5156233906745911,
    0.49078524112701416,
    0.5408073663711548,
    0.40736761689186096,
    0.38133037090301514,
    0.37114909291267395,
    0.3264065086841583
  ],
  "training_points": 20000,
  "epochs": [
    0,
    1,
    2,
    3,
    4,
    5,
    6,
    7,
    8,
    9,
    10,
    11,
    12,
    13,
    14,
    15,
    16,
    17,
    18,
    19,
    20,
    21,
    22,
    23,
    24,
    25,
    26,
    27,
    28,
    29,
    30,
    31,
    32,
    33,
    34,
    35,
    36,
    37,
    38,
    39,
    40,
    41,
    42,
    43,
    44,
    45,
    46,
    47,
    48,
    49,
    50,
    51,
    52,
    53,
    54,
    55,
    56,
    57,
    58,
    59,
    60,
    61,
    62,
    63,
    64,
    65,
    66,
    67,
    68,
    69,
    70,
    71,
    72,
    73,
    74,
    75,
    76,
    77,
    78,
    79,
    80,
    81,
    82,
    83,
    84,
    85,
    86,
    87,
    88,
    89,
    90,
    91,
    92,
    93,
    94,
    95,
    96,
    97,
    98,
    99,
    100,
    101,
    102,
    103,
    104,
    105,
    106,
    107,
    108,
    109,
    110,
    111,
    112,
    113,
    114,
    115,
    116,
    117,
    118,
    119,
    120,
    121,
    122,
    123,
    124,
    125,
    126,
    127,
    128,
    129,
    130,
    131,
    132,
    133,
    134,
    135,
    136,
    137,
    138,
    139,
    140,
    141,
    142,
    143,
    144,
    145,
    146,
    147,
    148,
    149,
    150,
    151,
    152,
    153,
    154,
    155,
    156,
    157,
    158,
    159,
    160,
    161,
    162,
    163,
    164,
    165,
    166,
    167,
    168,
    169,
    170,
    171,
    172,
    173,
    174,
    175,
    176,
    177,
    178,
    179,
    180,
    181,
    182,
    183,
    184,
    185,
    186,
    187,
    188,
    189,
    190,
    191,
    192,
    193,
    194,
    195,
    196,
    197,
    198,
    199
  ],