{
  "model_name": "10N_beta2.82843_jastrow0.5_width0.95_a1.0_tp2.50e+03_epoc250",
  "model_config": {
    "dim": 3,
    "N": 10,
    "rho_hidden": [
      32,
      32
    ],
    "phi_hidden": [
      8,
      8
    ],
    "eta_hidden": [
      8,
      8
    ],
    "phi_output": 4,
    "eta_output": 4,
    "activation_function": "GELU",
    "alpha": 0.5,
    "beta": 2.82843,
    "trainable_alpha": false,
    "a": 1.0,
    "omega_z": 2.82843,
    "omega_ho": 1.0,
    "trainable_energy": false,
    "beta_jastrow": 0.5,
    "trainable_beta_jastrow": false
  },
  "training_points": 2500,
  "batch_size": 200,
  "width": 0.95,
  "val_seed": 42,
  "val_points": 2000,
  "seed": 17,
  "energy_parameter_final": 58.47999954223633,
  "energy_parameter_history": [
    58.47999954223633,
    58.47999954223633,
    58.47999954223633,
    58.47999954223633,
    58.47999954223633,
    58.47999954223633,
    58.47999954223633,
    58.47999954223633,
    58.47999954223633,
    58.47999954223633,
    58.47999954223633,
    58.47999954223633,
    58.47999954223633,
    58.47999954223633,
    58.47999954223633,
    58.47999954223633,
    58.47999954223633,
    58.47999954223633,
    58.47999954223633,
    58.47999954223633,
    58.47999954223633,
    58.47999954223633,
    58.47999954223633,
    58.47999954223633,
    58.47999954223633
  ],
  "alpha_initial": 0.5,
  "alpha_final": 0.5,
  "alpha_history": [
    0.5,
    0.5,
    0.5,
    0.5,
    0.5,
    0.5,
    0.5,
    0.5,
    0.5,
    0.5,
    0.5,
    0.5,
    0.5,
    0.5,
    0.5,
    0.5,
    0.5,
    0.5,
    0.5,
    0.5,
    0.5,
    0.5,
    0.5,
    0.5,
    0.5
  ],
  "a": 1.0,
  "beta": 2.828429937362671,
  "energy_std_val_final": 1.3178938884537537,
  "learning_rate": 0.001,
  "final_learning_rate": 0.0002856078805640318,
  "energy_mean_val_final": 57.904754638671875,
  "energy_var_val_final": 1.7368443012237549,
  "energy_mean_val_history": [
    -118.3814468383789,
    54.11282730102539,
    56.0314826965332,
    56.846527099609375,
    57.361419677734375,
    57.39569091796875,
    57.608009338378906,
    57.637840270996094,
    57.67282485961914,
    57.75313186645508,
    57.7306022644043,
    57.72370910644531,
    57.817623138427734,
    57.782649993896484,
    57.777618408203125,
    57.69402313232422,
    57.78153991699219,
    57.83134841918945,
    57.89458465576172,
    57.885353088378906,
    57.75081253051758,
    57.82361602783203,
    57.858680725097656,
    57.83911895751953,
    57.904754638671875
  ],
  "energy_std_val_history": [
    21.80369758605957,
    4.855597019195557,
    3.3408446311950684,
    2.3085339069366455,
    1.9186334609985352,
    1.599048376083374,
    1.5039052963256836,
    1.4134156703948975,
    1.3767434358596802,
    1.3417855501174927,
    1.3551430702209473,
    1.3316082954406738,
    1.3950592279434204,
    1.296000361442566,
    1.282615303993225,
    1.3235735893249512,
    1.3051397800445557,
    1.2845325469970703,
    1.3127745389938354,
    1.2904969453811646,
    1.3103326559066772,
    1.271768569946289,
    1.2679476737976074,
    1.3148620128631592,
    1.3178938627243042
  ],
  "energy_var_val_history": [
    475.40118408203125,
    23.576820373535156,
    11.161243438720703,
    5.329329013824463,
    3.681154489517212,
    2.5569558143615723,
    2.2617311477661133,
    1.9977439641952515,
    1.8954224586486816,
    1.8003883361816406,
    1.8364126682281494,
    1.7731804847717285,
    1.946190357208252,
    1.6796170473098755,
    1.6451020240783691,
    1.7518471479415894,
    1.7033897638320923,
    1.6500238180160522,
    1.7233768701553345,
    1.6653825044631958,
    1.716971516609192,
    1.617395281791687,
    1.6076911687850952,
    1.7288622856140137,
    1.7368443012237549
  ],
  "epochs": [
    0,
    1,
    2,
    3,
    4,
    5,
    6,
    7,
    8,
    9,
    10,
    11,
    12,
    13,
    14,
    15,
    16,
    17,
    18,
    19,
    20,
    21,
    22,
    23,
    24,
    25,
    26,
    27,
    28,
    29,
    30,
    31,
    32,
    33,
    34,
    35,
    36,
    37,
    38,
    39,
    40,
    41,
    42,
    43,
    44,
    45,
    46,
    47,
    48,
    49,
    50,
    51,
    52,
    53,
    54,
    55,
    56,
    57,
    58,
    59,
    60,
    61,
    62,
    63,
    64,
    65,
    66,
    67,
    68,
    69,
    70,
    71,
    72,
    73,
    74,
    75,
    76,
    77,
    78,
    79,
    80,
    81,
    82,
    83,
    84,
    85,
    86,
    87,
    88,
    89,
    90,
    91,
    92,
    93,
    94,
    95,
    96,
    97,
    98,
    99,
    100,
    101,
    102,
    103,
    104,
    105,
    106,
    107,
    108,
    109,
    110,
    111,
    112,
    113,
    114,
    115,
    116,
    117,
    118,
    119,
    120,
    121,
    122,
    123,
    124,
    125,
    126,
    127,
    128,
    129,
    130,
    131,
    132,
    133,
    134,
    135,
    136,
    137,
    138,
    139,
    140,
    141,
    142,
    143,
    144,
    145,
    146,
    147,
    148,
    149,
    150,
    151,
    152,
    153,
    154,
    155,
    156,
    157,
    158,
    159,
    160,
    161,
    162,
    163,
    164,
    165,
    166,
    167,
    168,
    169,
    170,
    171,
    172,
    173,
    174,
    175,
    176,
    177,
    178,
    179,
    180,
    181,
    182,
    183,
    184,
    185,
    186,
    187,
    188,
    189,
    190,
    191,
    192,
    193,
    194,
    195,
    196,
    197,
    198,
    199,
    200,
    201,
    202,
    203,
    204,
    205,
    206,
    207,
    208,
    209,
    210,
    211,
    212,
    213,
    214,
    215,
    216,
    217,
    218,
    219,
    220,
    221,
    222,
    223,
    224,
    225,
    226,
    227,
    228,
    229,
    230,
    231,
    232,
    233,
    234,
    235,
    236,
    237,
    238,
    239,
    240,
    241,
    242,
    243,
    244,
    245,
    246,
    247,
    248,
    249
  ],