{
  "model_name": "10N_beta2.82843_jastrow0.5_width0.85_a1.0_tp2.00e+03",
  "model_config": {
    "dim": 3,
    "N": 10,
    "rho_hidden": [
      32,
      32
    ],
    "phi_hidden": [
      8,
      8
    ],
    "eta_hidden": [
      8,
      8,
      8
    ],
    "phi_output": 4,
    "eta_output": 4,
    "activation_function": "GELU",
    "alpha": 0.5,
    "beta": 2.82843,
    "trainable_alpha": false,
    "a": 1.0,
    "omega_z": 2.82843,
    "omega_ho": 1.0,
    "trainable_energy": false,
    "beta_jastrow": 0.5,
    "trainable_beta_jastrow": false
  },
  "training_points": 2000,
  "batch_size": 100,
  "width": 0.85,
  "val_seed": 42,
  "val_points": 10000,
  "seed": 17,
  "energy_parameter_final": 58.09000015258789,
  "energy_parameter_history": [
    58.09000015258789,
    58.09000015258789,
    58.09000015258789,
    58.09000015258789,
    58.09000015258789,
    58.09000015258789,
    58.09000015258789,
    58.09000015258789,
    58.09000015258789,
    58.09000015258789,
    58.09000015258789,
    58.09000015258789,
    58.09000015258789,
    58.09000015258789,
    58.09000015258789,
    58.09000015258789,
    58.09000015258789,
    58.09000015258789,
    58.09000015258789,
    58.09000015258789,
    58.09000015258789,
    58.09000015258789,
    58.09000015258789,
    58.09000015258789,
    58.09000015258789
  ],
  "alpha_initial": 0.5,
  "alpha_final": 0.5,
  "alpha_history": [
    0.5,
    0.5,
    0.5,
    0.5,
    0.5,
    0.5,
    0.5,
    0.5,
    0.5,
    0.5,
    0.5,
    0.5,
    0.5,
    0.5,
    0.5,
    0.5,
    0.5,
    0.5,
    0.5,
    0.5,
    0.5,
    0.5,
    0.5,
    0.5,
    0.5
  ],
  "a": 1.0,
  "beta": 2.828429937362671,
  "energy_std_val_final": 1.1178907301874264,
  "learning_rate": 0.001,
  "final_learning_rate": 0.0002856078805640318,
  "energy_mean_val_final": 58.017051696777344,
  "energy_var_val_final": 1.249679684638977,
  "energy_mean_val_history": [
    -118.64820098876953,
    57.55323791503906,
    56.46958923339844,
    58.169498443603516,
    58.24592590332031,
    58.15489196777344,
    58.12693786621094,
    57.81642532348633,
    57.71736145019531,
    58.068599700927734,
    57.60435104370117,
    58.002498626708984,
    58.0574951171875,
    57.821712493896484,
    58.14133834838867,
    58.051612854003906,
    57.886260986328125,
    58.05488204956055,
    57.778560638427734,
    57.97045135498047,
    58.216880798339844,
    57.96513748168945,
    57.8718376159668,
    57.85832595825195,
    58.017051696777344
  ],
  "energy_std_val_history": [
    38.93206787109375,
    6.3116841316223145,
    3.3062782287597656,
    2.6612889766693115,
    2.0101499557495117,
    1.7846815586090088,
    1.5405210256576538,
    1.3987829685211182,
    1.3035624027252197,
    1.2773767709732056,
    1.3160080909729004,
    1.2786632776260376,
    1.2141358852386475,
    1.1340636014938354,
    1.188981533050537,
    1.1351327896118164,
    1.0987340211868286,
    1.1100044250488281,
    1.0669233798980713,
    1.1231411695480347,
    1.1187183856964111,
    1.0817224979400635,
    1.0646976232528687,
    1.0471421480178833,
    1.11789071559906
  ],
  "energy_var_val_history": [
    1515.705810546875,
    39.83735275268555,
    10.931475639343262,
    7.082458972930908,
    4.040702819824219,
    3.1850881576538086,
    2.3732051849365234,
    1.956593632698059,
    1.6992748975753784,
    1.631691575050354,
    1.7318772077560425,
    1.6349797248840332,
    1.4741259813308716,
    1.2861002683639526,
    1.4136770963668823,
    1.2885262966156006,
    1.2072163820266724,
    1.2321096658706665,
    1.1383254528045654,
    1.2614459991455078,
    1.2515307664871216,
    1.1701236963272095,
    1.1335810422897339,
    1.0965067148208618,
    1.249679684638977
  ],
  "epochs": [
    0,
    1,
    2,
    3,
    4,
    5,
    6,
    7,
    8,
    9,
    10,
    11,
    12,
    13,
    14,
    15,
    16,
    17,
    18,
    19,
    20,
    21,
    22,
    23,
    24,
    25,
    26,
    27,
    28,
    29,
    30,
    31,
    32,
    33,
    34,
    35,
    36,
    37,
    38,
    39,
    40,
    41,
    42,
    43,
    44,
    45,
    46,
    47,
    48,
    49,
    50,
    51,
    52,
    53,
    54,
    55,
    56,
    57,
    58,
    59,
    60,
    61,
    62,
    63,
    64,
    65,
    66,
    67,
    68,
    69,
    70,
    71,
    72,
    73,
    74,
    75,
    76,
    77,
    78,
    79,
    80,
    81,
    82,
    83,
    84,
    85,
    86,
    87,
    88,
    89,
    90,
    91,
    92,
    93,
    94,
    95,
    96,
    97,
    98,
    99,
    100,
    101,
    102,
    103,
    104,
    105,
    106,
    107,
    108,
    109,
    110,
    111,
    112,
    113,
    114,
    115,
    116,
    117,
    118,
    119,
    120,
    121,
    122,
    123,
    124,
    125,
    126,
    127,
    128,
    129,
    130,
    131,
    132,
    133,
    134,
    135,
    136,
    137,
    138,
    139,
    140,
    141,
    142,
    143,
    144,
    145,
    146,
    147,
    148,
    149,
    150,
    151,
    152,
    153,
    154,
    155,
    156,
    157,
    158,
    159,
    160,
    161,
    162,
    163,
    164,
    165,
    166,
    167,
    168,
    169,
    170,
    171,
    172,
    173,
    174,
    175,
    176,
    177,
    178,
    179,
    180,
    181,
    182,
    183,
    184,
    185,
    186,
    187,
    188,
    189,
    190,
    191,
    192,
    193,
    194,
    195,
    196,
    197,
    198,
    199,
    200,
    201,
    202,
    203,
    204,
    205,
    206,
    207,
    208,
    209,
    210,
    211,
    212,
    213,
    214,
    215,
    216,
    217,
    218,
    219,
    220,
    221,
    222,
    223,
    224,
    225,
    226,
    227,
    228,
    229,
    230,
    231,
    232,
    233,
    234,
    235,
    236,
    237,
    238,
    239,
    240,
    241,
    242,
    243,
    244,
    245,
    246,
    247,
    248,
    249
  ],