{
  "model_name": "10N_beta2.82843_jastrow0.5_width0.85_a1.0_tp2.00e+03",
  "model_config": {
    "dim": 3,
    "N": 10,
    "rho_hidden": [
      32,
      32
    ],
    "phi_hidden": [
      8,
      8
    ],
    "eta_hidden": [
      8,
      8
    ],
    "phi_output": 4,
    "eta_output": 4,
    "activation_function": "GELU",
    "alpha": 0.5,
    "beta": 2.82843,
    "trainable_alpha": false,
    "a": 1.0,
    "omega_z": 2.82843,
    "omega_ho": 1.0,
    "trainable_energy": false,
    "beta_jastrow": 0.5,
    "trainable_beta_jastrow": false
  },
  "training_points": 2000,
  "batch_size": 100,
  "width": 0.85,
  "val_seed": 42,
  "val_points": 10000,
  "seed": 17,
  "energy_parameter_final": 58.09000015258789,
  "energy_parameter_history": [
    58.09000015258789,
    58.09000015258789,
    58.09000015258789,
    58.09000015258789,
    58.09000015258789,
    58.09000015258789,
    58.09000015258789,
    58.09000015258789,
    58.09000015258789,
    58.09000015258789,
    58.09000015258789,
    58.09000015258789,
    58.09000015258789,
    58.09000015258789,
    58.09000015258789,
    58.09000015258789,
    58.09000015258789,
    58.09000015258789,
    58.09000015258789,
    58.09000015258789,
    58.09000015258789,
    58.09000015258789,
    58.09000015258789,
    58.09000015258789,
    58.09000015258789,
    58.09000015258789,
    58.09000015258789,
    58.09000015258789,
    58.09000015258789,
    58.09000015258789
  ],
  "alpha_initial": 0.5,
  "alpha_final": 0.5,
  "alpha_history": [
    0.5,
    0.5,
    0.5,
    0.5,
    0.5,
    0.5,
    0.5,
    0.5,
    0.5,
    0.5,
    0.5,
    0.5,
    0.5,
    0.5,
    0.5,
    0.5,
    0.5,
    0.5,
    0.5,
    0.5,
    0.5,
    0.5,
    0.5,
    0.5,
    0.5,
    0.5,
    0.5,
    0.5,
    0.5,
    0.5
  ],
  "a": 1.0,
  "beta": 2.828429937362671,
  "energy_std_val_final": 0.6517420294990913,
  "learning_rate": 0.001,
  "final_learning_rate": 0.00022229219984074678,
  "energy_mean_val_final": 58.047523498535156,
  "energy_var_val_final": 0.4247676730155945,
  "energy_mean_val_history": [
    45.4434700012207,
    57.82925796508789,
    57.76521301269531,
    57.7274169921875,
    57.701568603515625,
    57.8502311706543,
    57.7451171875,
    58.17338180541992,
    57.854976654052734,
    58.0395622253418,
    57.902610778808594,
    57.85213088989258,
    57.89933776855469,
    58.00691223144531,
    57.86745071411133,
    57.92378234863281,
    57.9890251159668,
    58.08091354370117,
    57.925167083740234,
    58.13353729248047,
    57.96076202392578,
    57.958126068115234,
    57.996238708496094,
    58.044376373291016,
    57.88801956176758,
    57.9569206237793,
    57.999107360839844,
    58.03760528564453,
    58.00982666015625,
    58.047523498535156
  ],
  "energy_std_val_history": [
    10.775976181030273,
    2.4175069332122803,
    1.6989338397979736,
    1.4310524463653564,
    1.3960833549499512,
    1.21156644821167,
    1.147674560546875,
    1.1358469724655151,
    1.0576107501983643,
    1.0562973022460938,
    1.0243709087371826,
    0.9667339324951172,
    0.9539332389831543,
    0.9511270523071289,
    0.9208727478981018,
    0.9047912359237671,
    0.8794960975646973,
    0.8591778874397278,
    0.8050107359886169,
    0.8049855828285217,
    0.749099850654602,
    0.7184304594993591,
    0.70726078748703,
    0.7096152901649475,
    0.6852207183837891,
    0.6792193055152893,
    0.669632613658905,
    0.668469250202179,
    0.6686930656433105,
    0.6517420411109924
  ],
  "energy_var_val_history": [
    116.12165832519531,
    5.844339847564697,
    2.886375904083252,
    2.0479109287261963,
    1.9490487575531006,
    1.467893362045288,
    1.3171567916870117,
    1.290148377418518,
    1.1185404062271118,
    1.1157639026641846,
    1.0493358373641968,
    0.9345744848251343,
    0.9099886417388916,
    0.904642641544342,
    0.8480066061019897,
    0.8186471462249756,
    0.7735134363174438,
    0.7381867170333862,
    0.6480423212051392,
    0.6480018496513367,
    0.5611505508422852,
    0.5161423087120056,
    0.500217854976654,
    0.5035538673400879,
    0.46952739357948303,
    0.4613388776779175,
    0.4484077990055084,
    0.4468511641025543,
    0.44715043902397156,
    0.4247676730155945
  ],
  "epochs": [
    0,
    1,
    2,
    3,
    4,
    5,
    6,
    7,
    8,
    9,
    10,
    11,
    12,
    13,
    14,
    15,
    16,
    17,
    18,
    19,
    20,
    21,
    22,
    23,
    24,
    25,
    26,
    27,
    28,
    29,
    30,
    31,
    32,
    33,
    34,
    35,
    36,
    37,
    38,
    39,
    40,
    41,
    42,
    43,
    44,
    45,
    46,
    47,
    48,
    49,
    50,
    51,
    52,
    53,
    54,
    55,
    56,
    57,
    58,
    59,
    60,
    61,
    62,
    63,
    64,
    65,
    66,
    67,
    68,
    69,
    70,
    71,
    72,
    73,
    74,
    75,
    76,
    77,
    78,
    79,
    80,
    81,
    82,
    83,
    84,
    85,
    86,
    87,
    88,
    89,
    90,
    91,
    92,
    93,
    94,
    95,
    96,
    97,
    98,
    99,
    100,
    101,
    102,
    103,
    104,
    105,
    106,
    107,
    108,
    109,
    110,
    111,
    112,
    113,
    114,
    115,
    116,
    117,
    118,
    119,
    120,
    121,
    122,
    123,
    124,
    125,
    126,
    127,
    128,
    129,
    130,
    131,
    132,
    133,
    134,
    135,
    136,
    137,
    138,
    139,
    140,
    141,
    142,
    143,
    144,
    145,
    146,
    147,
    148,
    149,
    150,
    151,
    152,
    153,
    154,
    155,
    156,
    157,
    158,
    159,
    160,
    161,
    162,
    163,
    164,
    165,
    166,
    167,
    168,
    169,
    170,
    171,
    172,
    173,
    174,
    175,
    176,
    177,
    178,
    179,
    180,
    181,
    182,
    183,
    184,
    185,
    186,
    187,
    188,
    189,
    190,
    191,
    192,
    193,
    194,
    195,
    196,
    197,
    198,
    199,
    200,
    201,
    202,
    203,
    204,
    205,
    206,
    207,
    208,
    209,
    210,
    211,
    212,
    213,
    214,
    215,
    216,
    217,
    218,
    219,
    220,
    221,
    222,
    223,
    224,
    225,
    226,
    227,
    228,
    229,
    230,
    231,
    232,
    233,
    234,
    235,
    236,
    237,
    238,
    239,
    240,
    241,
    242,
    243,
    244,
    245,
    246,
    247,
    248,
    249,
    250,
    251,
    252,
    253,
    254,
    255,
    256,
    257,
    258,
    259,
    260,
    261,
    262,
    263,
    264,
    265,
    266,
    267,
    268,
    269,
    270,
    271,
    272,
    273,
    274,
    275,
    276,
    277,
    278,
    279,
    280,
    281,
    282,
    283,
    284,
    285,
    286,
    287,
    288,
    289,
    290,
    291,
    292,
    293,
    294,
    295,
    296,
    297,
    298,
    299
  ],