{
  "model_name": "10N_beta2.82843_jastrow0.5_width0.75_a1.0_tp1.00e+03",
  "model_config": {
    "dim": 3,
    "N": 10,
    "rho_hidden": [
      32,
      32
    ],
    "phi_hidden": [
      8,
      8
    ],
    "eta_hidden": [
      8,
      8,
      8
    ],
    "phi_output": 4,
    "eta_output": 4,
    "activation_function": "GELU",
    "alpha": 0.5,
    "beta": 2.82843,
    "trainable_alpha": false,
    "a": 1.0,
    "omega_z": 2.82843,
    "omega_ho": 1.0,
    "trainable_energy": false,
    "beta_jastrow": 0.5,
    "trainable_beta_jastrow": false
  },
  "training_points": 1000,
  "batch_size": 100,
  "width": 0.75,
  "val_seed": 42,
  "val_points": 10000,
  "seed": 17,
  "energy_parameter_final": 58.09000015258789,
  "energy_parameter_history": [
    58.09000015258789,
    58.09000015258789,
    58.09000015258789,
    58.09000015258789,
    58.09000015258789,
    58.09000015258789,
    58.09000015258789,
    58.09000015258789,
    58.09000015258789,
    58.09000015258789
  ],
  "alpha_initial": 0.5,
  "alpha_final": 0.5,
  "alpha_history": [
    0.5,
    0.5,
    0.5,
    0.5,
    0.5,
    0.5,
    0.5,
    0.5,
    0.5,
    0.5
  ],
  "a": 1.0,
  "beta": 2.828429937362671,
  "energy_std_val_final": 3.174862211346369,
  "learning_rate": 0.001,
  "final_learning_rate": 0.0006057704364907278,
  "energy_mean_val_final": 55.671913146972656,
  "energy_var_val_final": 10.079750061035156,
  "energy_mean_val_history": [
    -246.49844360351562,
    53.603275299072266,
    58.245723724365234,
    54.239810943603516,
    57.28694534301758,
    58.28092956542969,
    59.32359313964844,
    59.280975341796875,
    57.798030853271484,
    55.671913146972656
  ],
  "energy_std_val_history": [
    48.15781021118164,
    7.496187210083008,
    6.265026569366455,
    5.009947299957275,
    4.870302200317383,
    4.44117546081543,
    4.301034450531006,
    4.047661304473877,
    3.4105401039123535,
    3.1748621463775635
  ],
  "energy_var_val_history": [
    2319.174560546875,
    56.19282150268555,
    39.25055694580078,
    25.09956932067871,
    23.7198429107666,
    19.724040985107422,
    18.498899459838867,
    16.383563995361328,
    11.631784439086914,
    10.079750061035156
  ],
  "epochs": [
    0,
    1,
    2,
    3,
    4,
    5,
    6,
    7,
    8,
    9,
    10,
    11,
    12,
    13,
    14,
    15,
    16,
    17,
    18,
    19,
    20,
    21,
    22,
    23,
    24,
    25,
    26,
    27,
    28,
    29,
    30,
    31,
    32,
    33,
    34,
    35,
    36,
    37,
    38,
    39,
    40,
    41,
    42,
    43,
    44,
    45,
    46,
    47,
    48,
    49,
    50,
    51,
    52,
    53,
    54,
    55,
    56,
    57,
    58,
    59,
    60,
    61,
    62,
    63,
    64,
    65,
    66,
    67,
    68,
    69,
    70,
    71,
    72,
    73,
    74,
    75,
    76,
    77,
    78,
    79,
    80,
    81,
    82,
    83,
    84,
    85,
    86,
    87,
    88,
    89,
    90,
    91,
    92,
    93,
    94,
    95,
    96,
    97,
    98,
    99
  ],
  "train_loss": [
    1265887.2265625,
    20070.228857421876,
    1543.5027404785155,
    560.4105743408203,
    333.8902389526367,
    254.29318084716797,
    221.16474304199218,
    177.940625,
    141.09438934326172,
    101.08056716918945,
    82.70098457336425,
    72.52853927612304,
    54.48201675415039,
    46.63326530456543,
    48.161241912841795,
    53.38306732177735,
    45.77216854095459,
    40.96137580871582,
    40.54950942993164,
    44.23314609527588,
    44.1393180847168,
    46.882560348510744,
    34.9034330368042,
    33.39357566833496,
    30.090499687194825,
    35.625634002685544,
    39.43144931793213,
    31.733070945739748,
    33.86188144683838,
    40.150652694702146,
    40.023677062988284,
    39.354060363769534,
    40.38620929718017,
    37.75480899810791,
    33.83514842987061,
    33.28008975982666,
    31.229838371276855,
    34.59772891998291,
    25.955617713928223,
    22.72775821685791,
    28.726056861877442,
    20.431022548675536,
    29.288106822967528,
    23.369206619262695,
    25.19821834564209,
    21.16563835144043,
    22.155804252624513,
    23.118276405334473,
    21.698972702026367,
    20.0097749710083,
    21.113696098327637,
    22.686880111694336,
    21.03969669342041,
    20.683582305908203,
    20.48580322265625,
    18.737242126464842,
    18.639664459228516,
    21.063387298583983,
    21.99543104171753,
    17.548167991638184,
    22.828033447265625,
    17.66207914352417,
    17.062542724609376,
    19.527240657806395,
    19.407412910461424,
    17.28606834411621,
    16.373197555541992,
    17.721653366088866,
    15.60276165008545,
    15.443808364868165,
    18.861726474761962,
    15.498954772949219,
    13.52727222442627,
    13.058697509765626,
    13.301433658599853,
    18.023683643341066,
    17.219279479980468,
    16.468333148956297,
    15.709041690826416,
    13.851833629608155,
    13.076475524902344,
    11.810375785827636,
    11.444855213165283,
    11.780166530609131,
    11.70502529144287,
    11.29780626296997,
    13.137116050720214,
    15.395411777496339,
    14.238191604614258,
    12.09248652458191,
    13.181660079956055,
    12.115420913696289,
    11.466431903839112,
    11.55902271270752,
    11.183293199539184,
    13.29923849105835,
    10.698623943328858,
    11.465466737747192,
    10.451014709472656,
    10.637714767456055
  ],
  "val_loss": [
    95093.046875,
    76.31788635253906,
    39.27088928222656,
    39.92101287841797,
    24.362369537353516,
    19.758522033691406,
    20.018800735473633,
    17.80034828186035,
    11.715867042541504,
    15.925874710083008
  ],
  "epochs_val": [
    0,
    10,
    20,
    30,
    40,
    50,
    60,
    70,
    80,
    90
  ]
}