{
  "model_name": "10N_beta2.82843_long_jastrow0.3_width0.7_a1.0_tp2.00e+03",
  "model_config": {
    "dim": 3,
    "N": 10,
    "rho_hidden": [
      32,
      32
    ],
    "phi_hidden": [
      8,
      8
    ],
    "eta_hidden": [
      8,
      8,
      8
    ],
    "phi_output": 4,
    "eta_output": 4,
    "activation_function": "GELU",
    "alpha": 0.5,
    "beta": 2.82843,
    "trainable_alpha": false,
    "a": 1.0,
    "omega_z": 2.82843,
    "omega_ho": 1.0,
    "trainable_energy": false,
    "beta_jastrow": 0.3,
    "trainable_beta_jastrow": false
  },
  "training_points": 2000,
  "batch_size": 100,
  "width": 0.7,
  "val_seed": 42,
  "val_points": 10000,
  "seed": 17,
  "energy_parameter_final": 58.09000015258789,
  "energy_parameter_history": [
    58.09000015258789,
    58.09000015258789,
    58.09000015258789,
    58.09000015258789,
    58.09000015258789,
    58.09000015258789,
    58.09000015258789,
    58.09000015258789,
    58.09000015258789,
    58.09000015258789,
    58.09000015258789,
    58.09000015258789,
    58.09000015258789,
    58.09000015258789,
    58.09000015258789,
    58.09000015258789,
    58.09000015258789,
    58.09000015258789,
    58.09000015258789,
    58.09000015258789,
    58.09000015258789,
    58.09000015258789,
    58.09000015258789,
    58.09000015258789,
    58.09000015258789,
    58.09000015258789,
    58.09000015258789,
    58.09000015258789,
    58.09000015258789,
    58.09000015258789,
    58.09000015258789,
    58.09000015258789,
    58.09000015258789,
    58.09000015258789,
    58.09000015258789,
    58.09000015258789,
    58.09000015258789,
    58.09000015258789,
    58.09000015258789,
    58.09000015258789
  ],
  "alpha_initial": 0.5,
  "alpha_final": 0.5,
  "alpha_history": [
    0.5,
    0.5,
    0.5,
    0.5,
    0.5,
    0.5,
    0.5,
    0.5,
    0.5,
    0.5,
    0.5,
    0.5,
    0.5,
    0.5,
    0.5,
    0.5,
    0.5,
    0.5,
    0.5,
    0.5,
    0.5,
    0.5,
    0.5,
    0.5,
    0.5,
    0.5,
    0.5,
    0.5,
    0.5,
    0.5,
    0.5,
    0.5,
    0.5,
    0.5,
    0.5,
    0.5,
    0.5,
    0.5,
    0.5,
    0.5
  ],
  "a": 1.0,
  "beta": 2.828429937362671,
  "energy_std_val_final": 0.8697175929037253,
  "learning_rate": 0.001,
  "final_learning_rate": 0.00013465804292601329,
  "energy_mean_val_final": 57.88956832885742,
  "energy_var_val_final": 0.75640869140625,
  "energy_mean_val_history": [
    70.31847381591797,
    59.94267654418945,
    57.319175720214844,
    59.70656204223633,
    56.431949615478516,
    57.354713439941406,
    57.16714859008789,
    57.17380142211914,
    58.45408630371094,
    58.31562423706055,
    59.589900970458984,
    59.80427551269531,
    59.51216125488281,
    59.21859359741211,
    59.08481216430664,
    59.10023880004883,
    59.19522476196289,
    59.11701202392578,
    59.02631378173828,
    58.23508834838867,
    58.55094909667969,
    57.61308288574219,
    58.303062438964844,
    57.745906829833984,
    57.76229476928711,
    58.845401763916016,
    57.52909851074219,
    58.31192398071289,
    57.61540603637695,
    58.85832977294922,
    57.40480041503906,
    57.562599182128906,
    58.22594451904297,
    58.297611236572266,
    58.33637619018555,
    57.915618896484375,
    58.29672622680664,
    58.45439529418945,
    58.451812744140625,
    57.88956832885742
  ],
  "energy_std_val_history": [
    26.92928695678711,
    5.496870994567871,
    3.3935940265655518,
    2.960169553756714,
    2.213982105255127,
    2.095019817352295,
    1.972832441329956,
    2.047987937927246,
    1.5968128442764282,
    1.5697357654571533,
    1.6693958044052124,
    1.7094473838806152,
    1.517324686050415,
    1.4232045412063599,
    1.3386186361312866,
    1.324234962463379,
    1.243369698524475,
    1.2512098550796509,
    1.1505684852600098,
    1.1525852680206299,
    1.0077768564224243,
    0.9922834038734436,
    0.9734496474266052,
    0.9292954206466675,
    1.0039288997650146,
    0.9966787099838257,
    1.0719915628433228,
    0.9261775612831116,
    0.9668501019477844,
    1.064424753189087,
    0.9656036496162415,
    0.9280511736869812,
    0.8823531866073608,
    0.883250892162323,
    0.91297447681427,
    0.871004581451416,
    0.8740984797477722,
    0.8994492292404175,
    0.8855388164520264,
    0.8697175979614258
  ],
  "energy_var_val_history": [
    725.1865234375,
    30.21558952331543,
    11.5164794921875,
    8.762603759765625,
    4.901716709136963,
    4.389107704162598,
    3.8920679092407227,
    4.194254398345947,
    2.549811363220215,
    2.4640703201293945,
    2.7868824005126953,
    2.922210454940796,
    2.302274227142334,
    2.0255110263824463,
    1.7918999195098877,
    1.7535983324050903,
    1.5459681749343872,
    1.5655262470245361,
    1.323807954788208,
    1.3284529447555542,
    1.0156142711639404,
    0.984626293182373,
    0.9476041793823242,
    0.8635899424552917,
    1.007873296737671,
    0.99336838722229,
    1.1491659879684448,
    0.8578048944473267,
    0.9347991347312927,
    1.1330000162124634,
    0.9323904514312744,
    0.8612790107727051,
    0.7785471081733704,
    0.7801321148872375,
    0.833522379398346,
    0.7586489915847778,
    0.7640480995178223,
    0.8090089559555054,
    0.7841789722442627,
    0.75640869140625
  ],