{
  "model_name": "10N_beta2.82843_jastrow0.5_width0.9_a1.0_tp1.00e+03",
  "model_config": {
    "dim": 3,
    "N": 10,
    "rho_hidden": [
      32,
      32
    ],
    "phi_hidden": [
      8,
      8
    ],
    "eta_hidden": [
      8,
      8,
      8
    ],
    "phi_output": 4,
    "eta_output": 4,
    "activation_function": "GELU",
    "alpha": 0.5,
    "beta": 2.82843,
    "trainable_alpha": false,
    "a": 1.0,
    "omega_z": 2.82843,
    "omega_ho": 1.0,
    "trainable_energy": false,
    "beta_jastrow": 0.5,
    "trainable_beta_jastrow": false
  },
  "training_points": 1000,
  "batch_size": 100,
  "width": 0.9,
  "val_seed": 42,
  "val_points": 10000,
  "seed": 17,
  "energy_parameter_final": 58.09000015258789,
  "energy_parameter_history": [
    58.09000015258789
  ],
  "alpha_initial": 0.5,
  "alpha_final": 0.5,
  "alpha_history": [
    0.5
  ],
  "a": 1.0,
  "beta": 2.828429937362671,
  "energy_std_val_final": 39.94838588924777,
  "learning_rate": 0.001,
  "final_learning_rate": 0.0009511101304657719,
  "energy_mean_val_final": 17.02640151977539,
  "energy_var_val_final": 1595.87353515625,
  "energy_mean_val_history": [
    17.02640151977539
  ],
  "energy_std_val_history": [
    39.948387145996094
  ],
  "energy_var_val_history": [
    1595.87353515625
  ],
  "epochs": [
    0,
    1,
    2,
    3,
    4,
    5,
    6,
    7,
    8,
    9
  ],
  "train_loss": [
    19787.5001953125,
    1469.605453491211,
    412.9369354248047,
    338.23617401123045,
    246.98026123046876,
    217.74450073242187,
    168.4217102050781,
    132.7066795349121,
    93.44413528442382,
    80.75294189453125
  ],
  "val_loss": [
    3281.93310546875
  ],
  "epochs_val": [
    0
  ]
}