{
  "model_name": "10N_beta2.82843_lr0.001_a0.0043_64_tp5.00e+04",
  "model_config": {
    "dim": 3,
    "N": 10,
    "rho_hidden": [
      64,
      64
    ],
    "phi_hidden": [
      8
    ],
    "eta_hidden": [
      8
    ],
    "phi_output": 4,
    "eta_output": 4,
    "activation_function": "GELU",
    "alpha": 0.5,
    "beta": 2.82843,
    "trainable_alpha": true,
    "a": 0.0043,
    "omega_z": 2.82843,
    "omega_ho": 1.0
  },
  "training_points": 50000,
  "batch_size": 1000,
  "width": 0.7,
  "val_seed": 42,
  "val_points": 10000,
  "seed": 17,
  "energy_parameter_final": 24.448041915893555,
  "energy_parameter_history": [
    24.454938888549805,
    24.45323371887207,
    24.451431274414062,
    24.44976043701172,
    24.44864273071289,
    24.44768714904785,
    24.446826934814453,
    24.44659423828125,
    24.44674301147461,
    24.447242736816406
  ],
  "alpha_initial": 0.5,
  "alpha_final": 0.5002415180206299,
  "alpha_history": [
    0.5000255703926086,
    0.5001369714736938,
    0.5001486539840698,
    0.5001686811447144,
    0.5001811981201172,
    0.5001921057701111,
    0.5002062320709229,
    0.5002145171165466,
    0.5002250671386719,
    0.5002343654632568
  ],
  "a": 0.0043,
  "beta": 2.828429937362671,
  "energy_std_val_final": 0.5790105687100872,
  "learning_rate": 0.001,
  "final_learning_rate": 0.00036603234127322915,
  "energy_mean_val_final": 24.47869300842285,
  "energy_var_val_final": 0.3352532386779785,
  "energy_mean_val_history": [
    25.100618362426758,
    25.385461807250977,
    25.07740020751953,
    23.595806121826172,
    24.719263076782227,
    24.57579231262207,
    24.97816276550293,
    25.00299644470215,
    24.597719192504883,
    24.47869300842285
  ],
  "energy_std_val_history": [
    7.774448871612549,
    2.974184989929199,
    2.1062817573547363,
    1.420757532119751,
    1.305841326713562,
    1.044403076171875,
    1.024735450744629,
    0.9370962977409363,
    0.6506103873252869,
    0.579010546207428
  ],
  "energy_var_val_history": [
    60.44205856323242,
    8.845776557922363,
    4.436422348022461,
    2.01855206489563,
    1.7052216529846191,
    1.0907777547836304,
    1.0500826835632324,
    0.8781494498252869,
    0.4232938885688782,
    0.3352532386779785
  ],
  "epochs": [
    0,
    1,
    2,
    3,
    4,
    5,
    6,
    7,
    8,
    9,
    10,
    11,
    12,
    13,
    14,
    15,
    16,
    17,
    18,
    19,
    20,
    21,
    22,
    23,
    24,
    25,
    26,
    27,
    28,
    29,
    30,
    31,
    32,
    33,
    34,
    35,
    36,
    37,
    38,
    39,
    40,
    41,
    42,
    43,
    44,
    45,
    46,
    47,
    48,
    49,
    50,
    51,
    52,
    53,
    54,
    55,
    56,
    57,
    58,
    59,
    60,
    61,
    62,
    63,
    64,
    65,
    66,
    67,
    68,
    69,
    70,
    71,
    72,
    73,
    74,
    75,
    76,
    77,
    78,
    79,
    80,
    81,
    82,
    83,
    84,
    85,
    86,
    87,
    88,
    89,
    90,
    91,
    92,
    93,
    94,
    95,
    96,
    97,
    98,
    99
  ],
  "train_loss": [
    29051.410361938477,
    43.672608642578126,
    30.059284133911135,
    35.13677431106567,
    17.78471628189087,
    15.110666580200196,
    12.556027088165283,
    11.535285778045655,
    11.834815874099732,
    10.241655540466308,
    9.68852819442749,
    9.493871726989745,
    8.59857795715332,
    8.987779417037963,
    7.779020433425903,
    7.2731873893737795,
    13.97694624900818,
    9.712972831726074,
    6.6594204998016355,
    5358.533511385917,
    5.654457516670227,
    5.282881278991699,
    4.795737242698669,
    20.27014843940735,
    6.946241850852966,
    7.3659162425994875,
    3.1290617275238035,
    2.9557066631317137,
    4.240694627761841,
    4.63273683309555,
    2.465189805030823,
    2.4080046463012694,
    1.8988858604431151,
    1.7606638550758362,
    2.3091001319885254,
    2.476481659412384,
    2.436475098133087,
    2.3541307187080385,
    2.2669101190567016,
    2.163386814594269,
    2.093350965976715,
    1.9910246992111207,
    1.8850856924057007,
    23.417149202823637,
    1.7958790969848633,
    1.3914739453792573,
    1.2771201527118683,
    1.3723516273498535,
    1.601668144464493,
    1.4059634256362914,
    1.0840468251705169,
    12.242471301555634,
    1.4535920202732087,
    0.8810166919231415,
    1.1603213322162629,
    1.963461139202118,
    1.3357804143428802,
    0.7878439903259278,
    0.9739955705404282,
    0.6719386911392212,
    0.7557415103912354,
    1.8885501873493196,
    1.7299193906784058,
    1.5277782046794892,
    23.607682296037673,
    0.8852256566286087,
    0.9536946421861648,
    0.8119437730312348,
    5.540002267956734,
    0.6073833203315735,
    0.6126817512512207,
    0.7985345882177353,
    0.6953446370363235,
    0.6006262946128845,
    0.8761112910509109,
    0.5199024647474288,
    0.5038353872299194,
    0.513867067694664,
    0.4616906636953354,
    0.5135617914795876,
    0.4733269986510277,
    0.4515479415655136,
    9.890783744752406,
    0.4454320526123047,
    0.4107767590880394,
    0.3779555097222328,
    0.35195045977830886,
    0.35120029270648956,
    0.34343952387571336,
    0.4189694783091545,
    0.3698687791824341,
    0.3209365028142929,
    0.3134123021364212,
    0.45486756473779677,
    0.28665297359228137,
    0.2879027369618416,
    0.2806990784406662,
    0.33227770566940307,
    0.2636404845118523,
    0.3215010088682175
  ],
  "val_loss": [
    60.85291290283203,
    9.713939666748047,
    4.827815532684326,
    2.7475857734680176,
    1.778286337852478,
    1.107079267501831,
    1.3322967290878296,
    1.1876449584960938,
    0.4460456073284149,
    0.33620885014533997
  ],
  "epochs_val": [
    0,
    10,
    20,
    30,
    40,
    50,
    60,
    70,
    80,
    90
  ]
}