{
  "model_name": "10N_3D_t10k_mixed_epoch",
  "model_config": {
    "dim": 3,
    "N": 10,
    "rho_hidden": [
      32,
      32,
      32,
      32
    ],
    "phi_hidden": [
      8
    ],
    "eta_hidden": [
      8
    ],
    "phi_output": 4,
    "eta_output": 4,
    "activation_function": "GELU",
    "alpha": 0.5,
    "beta": 1.0,
    "trainable_alpha": true,
    "a": 0.0,
    "omega_z": 1.0,
    "omega_ho": 1.0
  },
  "energy_parameter_final": 14.992386817932129,
  "energy_parameter_history": [
    14.99990177154541,
    14.998937606811523,
    14.997688293457031,
    14.9964599609375,
    14.995590209960938,
    14.994868278503418,
    14.994234085083008,
    14.99366569519043,
    14.993170738220215,
    14.992738723754883
  ],
  "alpha_initial": 0.5,
  "alpha_final": 0.4950750172138214,
  "alpha_history": [
    0.4998999238014221,
    0.49900156259536743,
    0.4980955719947815,
    0.49741581082344055,
    0.4969387352466583,
    0.49648207426071167,
    0.4960891008377075,
    0.4957551062107086,
    0.49546539783477783,
    0.4952543377876282
  ],
  "a": 0.0,
  "beta": 1.0,
  "energy_std_val_final": 2.9870459303285877,
  "learning_rate": 1e-05,
  "final_learning_rate": 3.660323412732291e-06,
  "energy_mean_val_final": 14.508203506469727,
  "energy_mean_val_history": [
    -18.22606086730957,
    4.929488658905029,
    12.695785522460938,
    13.987343788146973,
    14.14309310913086,
    14.224616050720215,
    14.297531127929688,
    14.344404220581055,
    14.470244407653809,
    14.508203506469727
  ],
  "energy_var_val_final": 8.922443389892578,
  "energy_var_val_history": [
    257.9456787109375,
    91.22085571289062,
    29.960622787475586,
    22.10542869567871,
    18.93790054321289,
    16.702116012573242,
    13.700477600097656,
    11.42064380645752,
    9.915727615356445,
    8.922443389892578
  ],
  "training_points": 10000,
  "epochs": [
    0,
    1,
    2,
    3,
    4,
    5,
    6,
    7,
    8,
    9,
    10,
    11,
    12,
    13,
    14,
    15,
    16,
    17,
    18,
    19,
    20,
    21,
    22,
    23,
    24,
    25,
    26,
    27,
    28,
    29,
    30,
    31,
    32,
    33,
    34,
    35,
    36,
    37,
    38,
    39,
    40,
    41,
    42,
    43,
    44,
    45,
    46,
    47,
    48,
    49,
    50,
    51,
    52,
    53,
    54,
    55,
    56,
    57,
    58,
    59,
    60,
    61,
    62,
    63,
    64,
    65,
    66,
    67,
    68,
    69,
    70,
    71,
    72,
    73,
    74,
    75,
    76,
    77,
    78,
    79,
    80,
    81,
    82,
    83,
    84,
    85,
    86,
    87,
    88,
    89,
    90,
    91,
    92,
    93,
    94,
    95,
    96,
    97,
    98,
    99
  ],
  "train_loss": [
    1482.6612060546875,
    1268.0405395507812,
    1077.7209411621093,
    907.9848083496094,
    760.6449523925781,
    628.9265014648438,
    515.5252532958984,
    419.4091522216797,
    339.7386016845703,
    274.43887481689455,
    221.6746383666992,
    179.72847595214844,
    145.84042663574218,
    118.90084609985351,
    97.7211311340332,
    82.10637588500977,
    69.90743980407714,
    60.26289329528809,
    51.89834861755371,
    46.018292617797854,
    40.905408668518064,
    37.2456771850586,
    34.22819004058838,
    31.879053688049318,
    30.52577648162842,
    29.225142097473146,
    28.110386466979982,
    27.244259452819826,
    26.480926704406738,
    25.779059982299806,
    25.131429862976074,
    24.521886825561523,
    23.955201148986816,
    23.45103931427002,
    22.96086006164551,
    22.42247905731201,
    21.94581470489502,
    21.547064971923827,
    20.99018669128418,
    20.579191207885742,
    20.087730503082277,
    19.683230209350587,
    19.258037090301514,
    18.841031742095947,
    18.55811882019043,
    18.236141300201417,
    17.931578540802,
    17.672271633148192,
    17.42989902496338,
    17.18191251754761,
    16.914069175720215,
    16.645835399627686,
    16.32513294219971,
    16.008757400512696,
    15.715891647338868,
    15.385519123077392,
    15.109801197052002,
    14.816489887237548,
    14.47647123336792,
    14.154359054565429,
    13.79743413925171,
    13.445861434936523,
    13.131353950500488,
    12.826864337921142,
    12.536288928985595,
    12.31843614578247,
    12.103285598754884,
    11.904592895507813,
    11.698454475402832,
    11.451158428192139,
    11.247723865509034,
    10.978067255020141,
    10.725029754638673,
    10.463401412963867,
    10.232918405532837,
    9.99223895072937,
    9.81388816833496,
    9.650042867660522,
    9.50887622833252,
    9.374698257446289,
    9.26963267326355,
    9.159425735473633,
    9.067671537399292,
    8.97769799232483,
    8.894530630111694,
    8.822678756713866,
    8.737298583984375,
    8.666646575927734,
    8.581398296356202,
    8.514796113967895,
    8.440501499176026,
    8.374393939971924,
    8.31201605796814,
    8.240266513824462,
    8.18619155883789,
    8.124673652648926,
    8.062688064575195,
    8.011785459518432,
    7.962176132202148,
    7.920961570739746
  ],
  "val_loss": [
    1361.8759765625,
    192.6024932861328,
    35.2553825378418,
    23.120798110961914,
    19.662124633789062,
    17.293176651000977,
    14.18404483795166,
    11.840662956237793,
    10.187856674194336,
    9.156027793884277
  ],
  "epochs_val": [
    0,
    10,
    20,
    30,
    40,
    50,
    60,
    70,
    80,
    90
  ]
}