{
  "model_name": "10N_beta2.82843_jastrow0.5_width0.85_a1.0_tp1.00e+03",
  "model_config": {
    "dim": 3,
    "N": 10,
    "rho_hidden": [
      32,
      32
    ],
    "phi_hidden": [
      8,
      8
    ],
    "eta_hidden": [
      8,
      8,
      8
    ],
    "phi_output": 4,
    "eta_output": 4,
    "activation_function": "GELU",
    "alpha": 0.5,
    "beta": 2.82843,
    "trainable_alpha": false,
    "a": 1.0,
    "omega_z": 2.82843,
    "omega_ho": 1.0,
    "trainable_energy": false,
    "beta_jastrow": 0.5,
    "trainable_beta_jastrow": false
  },
  "training_points": 1000,
  "batch_size": 100,
  "width": 0.85,
  "val_seed": 42,
  "val_points": 10000,
  "seed": 17,
  "energy_parameter_final": 58.09000015258789,
  "energy_parameter_history": [
    58.09000015258789
  ],
  "alpha_initial": 0.5,
  "alpha_final": 0.5,
  "alpha_history": [
    0.5
  ],
  "a": 1.0,
  "beta": 2.828429937362671,
  "energy_std_val_final": 22.151949401907896,
  "learning_rate": 0.001,
  "final_learning_rate": 0.0009511101304657719,
  "energy_mean_val_final": 10.050374031066895,
  "energy_var_val_final": 490.7088623046875,
  "energy_mean_val_history": [
    10.050374031066895
  ],
  "energy_std_val_history": [
    22.151948928833008
  ],
  "energy_var_val_history": [
    490.7088623046875
  ],
  "epochs": [
    0,
    1,
    2,
    3,
    4,
    5,
    6,
    7,
    8,
    9
  ],
  "train_loss": [
    22899.536767578124,
    2016.4367065429688,
    770.4962005615234,
    336.1018539428711,
    169.95704803466796,
    121.25938186645507,
    92.58205223083496,
    59.87373352050781,
    33.830246925354004,
    30.634693908691407
  ],
  "val_loss": [
    2798.465576171875
  ],
  "epochs_val": [
    0
  ]
}