{
  "model_name": "10N_3D_t10k_mixed_lr3_epoch",
  "model_config": {
    "dim": 3,
    "N": 10,
    "rho_hidden": [
      32,
      32,
      32,
      32
    ],
    "phi_hidden": [
      8
    ],
    "eta_hidden": [
      8
    ],
    "phi_output": 4,
    "eta_output": 4,
    "activation_function": "GELU",
    "alpha": 0.5,
    "beta": 1.0,
    "trainable_alpha": true,
    "a": 0.0,
    "omega_z": 1.0,
    "omega_ho": 1.0
  },
  "energy_parameter_final": 14.951622009277344,
  "energy_parameter_history": [
    14.989838600158691,
    14.90722942352295,
    14.904350280761719,
    14.913945198059082,
    14.922723770141602,
    14.92957878112793,
    14.93433952331543,
    14.939740180969238,
    14.943851470947266,
    14.948660850524902
  ],
  "alpha_initial": 0.5,
  "alpha_final": 0.5017568469047546,
  "alpha_history": [
    0.4898712933063507,
    0.4789658188819885,
    0.5008603930473328,
    0.5034037828445435,
    0.5036571025848389,
    0.5029476881027222,
    0.5027971863746643,
    0.5025374293327332,
    0.5021373629570007,
    0.5019519329071045
  ],
  "a": 0.0,
  "beta": 1.0,
  "energy_std_val_final": 0.038809793354878545,
  "learning_rate": 0.001,
  "final_learning_rate": 0.00036603234127322915,
  "energy_mean_val_final": 14.928877830505371,
  "energy_mean_val_history": [
    -181.27467346191406,
    14.735947608947754,
    14.79127025604248,
    15.203125953674316,
    14.992060661315918,
    15.148726463317871,
    14.9358491897583,
    14.94713306427002,
    14.924920082092285,
    14.928877830505371
  ],
  "energy_var_val_final": 0.001506200060248375,
  "energy_var_val_history": [
    801.7174682617188,
    0.14751224219799042,
    0.03194696456193924,
    0.018401002511382103,
    0.006390970200300217,
    0.009326010011136532,
    0.0021080037113279104,
    0.0018755060154944658,
    0.0016505945241078734,
    0.001506200060248375
  ],
  "training_points": 10000,
  "epochs": [
    0,
    1,
    2,
    3,
    4,
    5,
    6,
    7,
    8,
    9,
    10,
    11,
    12,
    13,
    14,
    15,
    16,
    17,
    18,
    19,
    20,
    21,
    22,
    23,
    24,
    25,
    26,
    27,
    28,
    29,
    30,
    31,
    32,
    33,
    34,
    35,
    36,
    37,
    38,
    39,
    40,
    41,
    42,
    43,
    44,
    45,
    46,
    47,
    48,
    49,
    50,
    51,
    52,
    53,
    54,
    55,
    56,
    57,
    58,
    59,
    60,
    61,
    62,
    63,
    64,
    65,
    66,
    67,
    68,
    69,
    70,
    71,
    72,
    73,
    74,
    75,
    76,
    77,
    78,
    79,
    80,
    81,
    82,
    83,
    84,
    85,
    86,
    87,
    88,
    89,
    90,
    91,
    92,
    93,
    94,
    95,
    96,
    97,
    98,
    99
  ],
  "train_loss": [
    235725.126171875,
    14614.073840332032,
    280.60828132629393,
    38.23673763275146,
    12.886012029647826,
    5.480129051208496,
    2.3910801291465758,
    1.0490011513233184,
    0.47961062788963316,
    0.255448143184185,
    0.14680591225624084,
    0.10586322546005249,
    0.10191297456622124,
    0.11344292387366295,
    0.12103836499154567,
    0.13498048931360246,
    0.10160467736423015,
    0.12577548269182443,
    0.04443815667182207,
    0.04609111957252025,
    0.037995444424450395,
    0.03686886327341199,
    0.04175519850105047,
    0.02973553091287613,
    0.039246246591210364,
    0.07261812854558229,
    0.03221164345741272,
    0.029378843028098345,
    0.02403954667970538,
    0.02736717970110476,
    0.08507696446031332,
    0.10888547068461776,
    0.02172780889086425,
    0.02206919752061367,
    0.01920552900992334,
    0.0241030050907284,
    0.009373060916550458,
    0.008852361817844212,
    0.008157509751617909,
    0.007036724453791976,
    0.007010908843949437,
    0.006895680911839008,
    0.00640719011425972,
    0.007449818239547312,
    0.04686856411863118,
    0.020430277893319727,
    0.006824083928950131,
    0.048493898916058244,
    0.01062838879879564,
    0.038799426169134676,
    0.010603934456594289,
    0.03568911000620574,
    0.015298785059712827,
    0.06738677797839046,
    0.058230900671333075,
    0.06576075777411461,
    0.010364890471100808,
    0.013072824617847801,
    0.010534065775573254,
    0.02929984659422189,
    0.008282726421020925,
    0.010062620951794088,
    0.013983046729117632,
    0.013022959535010158,
    0.011265293112955987,
    0.006639286305289716,
    0.005302110908087343,
    0.00918046566657722,
    0.008568426489364355,
    0.0068553095450624825,
    0.0047717038658447565,
    0.005004199640825391,
    0.0037765275221318005,
    0.00327180759049952,
    0.0031150123104453087,
    0.0029876074870117007,
    0.0034840631182305516,
    0.0029076831648126244,
    0.0031566174468025563,
    0.00950638415524736,
    0.013245358702261002,
    0.0031324786134064196,
    0.0025690239737741647,
    0.004736550466623158,
    0.006042802275624126,
    0.003552774724084884,
    0.017659130878746508,
    0.0026125964417587967,
    0.002621642663143575,
    0.0028670186176896094,
    0.002579780190717429,
    0.00236942027695477,
    0.0022275641560554503,
    0.00215339669957757,
    0.0022190396848600358,
    0.0046327441581524905,
    0.005854295310564339,
    0.004806815297342837,
    0.004371587088098749,
    0.004129571723751724
  ],
  "val_loss": [
    39321.37109375,
    0.1768302172422409,
    0.04472989961504936,
    0.10202381014823914,
    0.011197660118341446,
    0.05735002085566521,
    0.002110002562403679,
    0.0019299304112792015,
    0.002008779440075159,
    0.0018973557744175196
  ],
  "epochs_val": [
    0,
    10,
    20,
    30,
    40,
    50,
    60,
    70,
    80,
    90
  ]
}