{
  "model_name": "10N_d3_beta2.82843_a1.0_width1.4_IGTrue",
  "model_config": {
    "dim": 3,
    "N": 10,
    "rho_hidden": [
      32,
      32
    ],
    "phi_hidden": [
      4,
      4
    ],
    "eta_hidden": [
      4,
      4
    ],
    "phi_output": 4,
    "eta_output": 4,
    "activation_function": "GELU",
    "alpha": 0.5,
    "beta": 2.82843,
    "trainable_alpha": false,
    "a": 1.0,
    "omega_z": 2.82843,
    "omega_ho": 1.0,
    "trainable_energy": false,
    "beta_jastrow": 0.0,
    "trainable_beta_jastrow": false
  },
  "training_points": 2000,
  "batch_size": 250,
  "width": 1.4,
  "val_seed": 42,
  "val_points": 2000,
  "initialize_gaussian": true,
  "seed": 17,
  "energy_parameter_final": 58.47999954223633,
  "energy_parameter_history": [
    58.47999954223633,
    58.47999954223633,
    58.47999954223633,
    58.47999954223633,
    58.47999954223633,
    58.47999954223633,
    58.47999954223633,
    58.47999954223633,
    58.47999954223633,
    58.47999954223633,
    58.47999954223633,
    58.47999954223633,
    58.47999954223633,
    58.47999954223633,
    58.47999954223633,
    58.47999954223633,
    58.47999954223633,
    58.47999954223633,
    58.47999954223633,
    58.47999954223633,
    58.47999954223633,
    58.47999954223633,
    58.47999954223633,
    58.47999954223633,
    58.47999954223633
  ],
  "alpha_initial": 0.5,
  "alpha_final": 0.5,
  "alpha_history": [
    0.5,
    0.5,
    0.5,
    0.5,
    0.5,
    0.5,
    0.5,
    0.5,
    0.5,
    0.5,
    0.5,
    0.5,
    0.5,
    0.5,
    0.5,
    0.5,
    0.5,
    0.5,
    0.5,
    0.5,
    0.5,
    0.5,
    0.5,
    0.5,
    0.5
  ],
  "beta": 2.82843,
  "energy_std_val_final": 1.8918778233023459,
  "learning_rate": 0.001,
  "final_learning_rate": 0.00028704309604425307,
  "energy_mean_val_final": 57.36678695678711,
  "energy_var_val_final": 3.5792016983032227,
  "energy_mean_val_history": [
    34.333953857421875,
    42.69314193725586,
    45.442047119140625,
    47.81767654418945,
    50.696712493896484,
    52.09732437133789,
    53.526817321777344,
    54.50849533081055,
    55.0609130859375,
    55.56178283691406,
    55.994014739990234,
    56.490325927734375,
    56.680320739746094,
    56.56285858154297,
    57.0987434387207,
    57.080509185791016,
    57.17314910888672,
    57.135501861572266,
    57.111148834228516,
    57.2527961730957,
    57.34263610839844,
    57.36387252807617,
    57.40053939819336,
    57.336090087890625,
    57.36678695678711
  ],
  "energy_std_val_history": [
    9.305646896362305,
    10.283350944519043,
    9.215641021728516,
    7.750680923461914,
    6.97611141204834,
    6.081709861755371,
    6.038262844085693,
    5.3709564208984375,
    4.696998596191406,
    4.1833930015563965,
    3.6925721168518066,
    3.452153205871582,
    3.1096363067626953,
    2.8702313899993896,
    2.843539237976074,
    2.669818162918091,
    2.526226282119751,
    2.343053102493286,
    2.2095580101013184,
    2.1400372982025146,
    2.1340808868408203,
    2.0506653785705566,
    1.99513578414917,
    1.9017078876495361,
    1.8918777704238892
  ],
  "energy_var_val_history": [
    86.59506225585938,
    105.74730682373047,
    84.92803192138672,
    60.073055267333984,
    48.66613006591797,
    36.98719787597656,
    36.46061706542969,
    28.8471736907959,
    22.061796188354492,
    17.500778198242188,
    13.635089874267578,
    11.917362213134766,
    9.669837951660156,
    8.238228797912598,
    8.085715293884277,
    7.1279296875,
    6.381818771362305,
    5.489898204803467,
    4.88214635848999,
    4.5797600746154785,
    4.5543012619018555,
    4.205228805541992,
    3.98056697845459,
    3.616492986679077,
    3.5792016983032227
  ],
  "epochs": [
    0,
    1,
    2,
    3,
    4,
    5,
    6,
    7,
    8,
    9,
    10,
    11,
    12,
    13,
    14,
    15,
    16,
    17,
    18,
    19,
    20,
    21,
    22,
    23,
    24,
    25,
    26,
    27,
    28,
    29,
    30,
    31,
    32,
    33,
    34,
    35,
    36,
    37,
    38,
    39,
    40,
    41,
    42,
    43,
    44,
    45,
    46,
    47,
    48,
    49,
    50,
    51,
    52,
    53,
    54,
    55,
    56,
    57,
    58,
    59,
    60,
    61,
    62,
    63,
    64,
    65,
    66,
    67,
    68,
    69,
    70,
    71,
    72,
    73,
    74,
    75,
    76,
    77,
    78,
    79,
    80,
    81,
    82,
    83,
    84,
    85,
    86,
    87,
    88,
    89,
    90,
    91,
    92,
    93,
    94,
    95,
    96,
    97,
    98,
    99,
    100,
    101,
    102,
    103,
    104,
    105,
    106,
    107,
    108,
    109,
    110,
    111,
    112,
    113,
    114,
    115,
    116,
    117,
    118,
    119,
    120,
    121,
    122,
    123,
    124,
    125,
    126,
    127,
    128,
    129,
    130,
    131,
    132,
    133,
    134,
    135,
    136,
    137,
    138,
    139,
    140,
    141,
    142,
    143,
    144,
    145,
    146,
    147,
    148,
    149,
    150,
    151,
    152,
    153,
    154,
    155,
    156,
    157,
    158,
    159,
    160,
    161,
    162,
    163,
    164,
    165,
    166,
    167,
    168,
    169,
    170,
    171,
    172,
    173,
    174,
    175,
    176,
    177,
    178,
    179,
    180,
    181,
    182,
    183,
    184,
    185,
    186,
    187,
    188,
    189,
    190,
    191,
    192,
    193,
    194,
    195,
    196,
    197,
    198,
    199,
    200,
    201,
    202,
    203,
    204,
    205,
    206,
    207,
    208,
    209,
    210,
    211,
    212,
    213,
    214,
    215,
    216,
    217,
    218,
    219,
    220,
    221,
    222,
    223,
    224,
    225,
    226,
    227,
    228,
    229,
    230,
    231,
    232,
    233,
    234,
    235,
    236,
    237,
    238,
    239,
    240,
    241,
    242,
    243,
    244,
    245,
    246,
    247,
    248,
    249
  ],