{
  "model_name": "10N_beta2.82843_lr3_50k_width0.75",
  "model_config": {
    "dim": 3,
    "N": 10,
    "rho_hidden": [
      32,
      32,
      32,
      32
    ],
    "phi_hidden": [
      8
    ],
    "eta_hidden": [
      8
    ],
    "phi_output": 4,
    "eta_output": 4,
    "activation_function": "GELU",
    "alpha": 0.5,
    "beta": 2.82843,
    "trainable_alpha": false,
    "a": 0.0,
    "omega_z": 2.82843,
    "omega_ho": 1.0
  },
  "training_points": 50000,
  "width": 0.75,
  "val_seed": 42,
  "val_points": 10000,
  "seed": 17,
  "energy_parameter_final": 24.14076042175293,
  "energy_parameter_history": [
    24.085975646972656,
    23.93406105041504,
    24.094648361206055,
    24.12368392944336,
    24.136661529541016,
    24.134193420410156,
    24.13756561279297,
    24.136079788208008,
    24.138877868652344,
    24.138490676879883,
    24.138988494873047,
    24.13981819152832,
    24.14178466796875,
    24.140165328979492,
    24.140254974365234,
    24.140241622924805,
    24.141454696655273,
    24.140531539916992,
    24.140777587890625,
    24.14130973815918
  ],
  "alpha_initial": 0.5,
  "alpha_final": 0.5,
  "alpha_history": [
    0.5,
    0.5,
    0.5,
    0.5,
    0.5,
    0.5,
    0.5,
    0.5,
    0.5,
    0.5,
    0.5,
    0.5,
    0.5,
    0.5,
    0.5,
    0.5,
    0.5,
    0.5,
    0.5,
    0.5
  ],
  "a": 0.0,
  "beta": 2.828429937362671,
  "energy_std_val_final": 0.13049243609204833,
  "learning_rate": 0.001,
  "final_learning_rate": 0.00013397967485796178,
  "energy_mean_val_final": 24.13827133178711,
  "energy_var_val_final": 0.01702827587723732,
  "energy_mean_val_history": [
    19.22072410583496,
    24.01192283630371,
    24.101600646972656,
    24.14492416381836,
    24.11083221435547,
    24.130483627319336,
    24.164127349853516,
    24.160654067993164,
    24.132131576538086,
    24.140600204467773,
    24.119007110595703,
    24.139677047729492,
    24.13282012939453,
    24.124540328979492,
    24.150510787963867,
    24.13963508605957,
    24.140993118286133,
    24.138858795166016,
    24.140663146972656,
    24.13827133178711
  ],
  "energy_var_val_history": [
    94.89260864257812,
    0.9343627691268921,
    0.36237937211990356,
    0.1825886219739914,
    0.11325415223836899,
    0.08546077460050583,
    0.0733923614025116,
    0.05937177315354347,
    0.07184706628322601,
    0.04598960280418396,
    0.033757586032152176,
    0.032776929438114166,
    0.030082646757364273,
    0.028811942785978317,
    0.02753441408276558,
    0.02070438675582409,
    0.023742133751511574,
    0.01933371275663376,
    0.01917380467057228,
    0.01702827587723732
  ],
  "epochs": [
    0,
    1,
    2,
    3,
    4,
    5,
    6,
    7,
    8,
    9,
    10,
    11,
    12,
    13,
    14,
    15,
    16,
    17,
    18,
    19,
    20,
    21,
    22,
    23,
    24,
    25,
    26,
    27,
    28,
    29,
    30,
    31,
    32,
    33,
    34,
    35,
    36,
    37,
    38,
    39,
    40,
    41,
    42,
    43,
    44,
    45,
    46,
    47,
    48,
    49,
    50,
    51,
    52,
    53,
    54,
    55,
    56,
    57,
    58,
    59,
    60,
    61,
    62,
    63,
    64,
    65,
    66,
    67,
    68,
    69,
    70,
    71,
    72,
    73,
    74,
    75,
    76,
    77,
    78,
    79,
    80,
    81,
    82,
    83,
    84,
    85,
    86,
    87,
    88,
    89,
    90,
    91,
    92,
    93,
    94,
    95,
    96,
    97,
    98,
    99,
    100,
    101,
    102,
    103,
    104,
    105,
    106,
    107,
    108,
    109,
    110,
    111,
    112,
    113,
    114,
    115,
    116,
    117,
    118,
    119,
    120,
    121,
    122,
    123,
    124,
    125,
    126,
    127,
    128,
    129,
    130,
    131,
    132,
    133,
    134,
    135,
    136,
    137,
    138,
    139,
    140,
    141,
    142,
    143,
    144,
    145,
    146,
    147,
    148,
    149,
    150,
    151,
    152,
    153,
    154,
    155,
    156,
    157,
    158,
    159,
    160,
    161,
    162,
    163,
    164,
    165,
    166,
    167,
    168,
    169,
    170,
    171,
    172,
    173,
    174,
    175,
    176,
    177,
    178,
    179,
    180,
    181,
    182,
    183,
    184,
    185,
    186,
    187,
    188,
    189,
    190,
    191,
    192,
    193,
    194,
    195,
    196,
    197,
    198,
    199
  ],