{
  "model_name": "10N_beta2.82843_long_jastrow0.4_width0.7_a1.0_tp2.00e+03",
  "model_config": {
    "dim": 3,
    "N": 10,
    "rho_hidden": [
      32,
      32
    ],
    "phi_hidden": [
      8,
      8
    ],
    "eta_hidden": [
      8,
      8,
      8
    ],
    "phi_output": 4,
    "eta_output": 4,
    "activation_function": "GELU",
    "alpha": 0.5,
    "beta": 2.82843,
    "trainable_alpha": false,
    "a": 1.0,
    "omega_z": 2.82843,
    "omega_ho": 1.0,
    "trainable_energy": false,
    "beta_jastrow": 0.4,
    "trainable_beta_jastrow": false
  },
  "training_points": 2000,
  "batch_size": 100,
  "width": 0.7,
  "val_seed": 42,
  "val_points": 10000,
  "seed": 17,
  "energy_parameter_final": 58.09000015258789,
  "energy_parameter_history": [
    58.09000015258789,
    58.09000015258789,
    58.09000015258789,
    58.09000015258789,
    58.09000015258789,
    58.09000015258789,
    58.09000015258789,
    58.09000015258789,
    58.09000015258789,
    58.09000015258789,
    58.09000015258789,
    58.09000015258789,
    58.09000015258789,
    58.09000015258789,
    58.09000015258789,
    58.09000015258789,
    58.09000015258789,
    58.09000015258789,
    58.09000015258789,
    58.09000015258789,
    58.09000015258789,
    58.09000015258789,
    58.09000015258789,
    58.09000015258789,
    58.09000015258789,
    58.09000015258789,
    58.09000015258789,
    58.09000015258789,
    58.09000015258789,
    58.09000015258789,
    58.09000015258789,
    58.09000015258789,
    58.09000015258789,
    58.09000015258789,
    58.09000015258789,
    58.09000015258789,
    58.09000015258789,
    58.09000015258789,
    58.09000015258789,
    58.09000015258789
  ],
  "alpha_initial": 0.5,
  "alpha_final": 0.5,
  "alpha_history": [
    0.5,
    0.5,
    0.5,
    0.5,
    0.5,
    0.5,
    0.5,
    0.5,
    0.5,
    0.5,
    0.5,
    0.5,
    0.5,
    0.5,
    0.5,
    0.5,
    0.5,
    0.5,
    0.5,
    0.5,
    0.5,
    0.5,
    0.5,
    0.5,
    0.5,
    0.5,
    0.5,
    0.5,
    0.5,
    0.5,
    0.5,
    0.5,
    0.5,
    0.5,
    0.5,
    0.5,
    0.5,
    0.5,
    0.5,
    0.5
  ],
  "a": 1.0,
  "beta": 2.828429937362671,
  "energy_std_val_final": 0.7666085601292886,
  "learning_rate": 0.001,
  "final_learning_rate": 0.00013465804292601329,
  "energy_mean_val_final": 58.2628173828125,
  "energy_var_val_final": 0.587688684463501,
  "energy_mean_val_history": [
    28.80545997619629,
    56.38655090332031,
    56.983131408691406,
    57.03483581542969,
    57.95420455932617,
    58.07547378540039,
    57.847293853759766,
    57.82953643798828,
    57.510135650634766,
    57.72236251831055,
    58.097625732421875,
    57.66352462768555,
    57.75075149536133,
    58.206687927246094,
    57.55179977416992,
    58.50542449951172,
    58.1278076171875,
    58.32662582397461,
    58.20091247558594,
    57.77143859863281,
    57.99491882324219,
    57.92973709106445,
    57.92738723754883,
    58.25554275512695,
    58.38743209838867,
    57.99696350097656,
    57.81488037109375,
    58.09600067138672,
    58.2991828918457,
    58.06072998046875,
    58.2284049987793,
    58.118648529052734,
    58.01216125488281,
    58.286460876464844,
    58.19866180419922,
    58.12491226196289,
    58.07402038574219,
    58.17164993286133,
    58.22274398803711,
    58.2628173828125
  ],
  "energy_std_val_history": [
    46.99141311645508,
    6.423847675323486,
    3.6993002891540527,
    2.485076665878296,
    2.039067268371582,
    1.9449641704559326,
    1.5607508420944214,
    1.4902393817901611,
    1.4039549827575684,
    1.310845971107483,
    1.2609381675720215,
    1.1767443418502808,
    1.1955456733703613,
    1.2129356861114502,
    1.223917841911316,
    1.0841200351715088,
    1.0244606733322144,
    1.0574475526809692,
    1.0333467721939087,
    1.083771824836731,
    0.941604733467102,
    0.9252486824989319,
    0.962417483329773,
    0.9376443028450012,
    0.900555431842804,
    0.8603906631469727,
    0.8801988363265991,
    0.8488693237304688,
    0.8621331453323364,
    0.8166310787200928,
    0.8243245482444763,
    0.824432909488678,
    0.7816279530525208,
    0.8142649531364441,
    0.7734148502349854,
    0.7637391686439514,
    0.7677213549613953,
    0.7781439423561096,
    0.7696943283081055,
    0.7666085958480835
  ],
  "energy_var_val_history": [
    2208.19287109375,
    41.26581954956055,
    13.684822082519531,
    6.1756062507629395,
    4.157794952392578,
    3.782885789871216,
    2.435943126678467,
    2.220813274383545,
    1.9710897207260132,
    1.7183170318603516,
    1.5899649858474731,
    1.3847273588180542,
    1.4293292760849,
    1.4712131023406982,
    1.4979749917984009,
    1.1753162145614624,
    1.0495195388793945,
    1.1181951761245728,
    1.067805528640747,
    1.1745615005493164,
    0.8866194486618042,
    0.8560851812362671,
    0.9262474179267883,
    0.8791767954826355,
    0.8110001087188721,
    0.7402721047401428,
    0.7747499942779541,
    0.7205791473388672,
    0.7432735562324524,
    0.6668863296508789,
    0.6795109510421753,
    0.6796895861625671,
    0.6109422445297241,
    0.6630274057388306,
    0.5981705784797668,
    0.5832974910736084,
    0.589396059513092,
    0.605508029460907,
    0.5924293994903564,
    0.587688684463501
  ],