{
  "model_name": "10N_beta2.82843test_jastrow0.5_width1.0_a1.0_tp1.00e+03",
  "model_config": {
    "dim": 3,
    "N": 10,
    "rho_hidden": [
      32,
      32
    ],
    "phi_hidden": [
      8,
      8
    ],
    "eta_hidden": [
      8,
      8,
      8
    ],
    "phi_output": 4,
    "eta_output": 4,
    "activation_function": "GELU",
    "alpha": 0.5,
    "beta": 2.82843,
    "trainable_alpha": false,
    "a": 1.0,
    "omega_z": 2.82843,
    "omega_ho": 1.0,
    "trainable_energy": false,
    "beta_jastrow": 0.5,
    "trainable_beta_jastrow": false
  },
  "training_points": 1000,
  "batch_size": 100,
  "width": 1.0,
  "val_seed": 42,
  "val_points": 10000,
  "seed": 17,
  "energy_parameter_final": 58.09000015258789,
  "energy_parameter_history": [
    58.09000015258789,
    58.09000015258789
  ],
  "alpha_initial": 0.5,
  "alpha_final": 0.5,
  "alpha_history": [
    0.5,
    0.5
  ],
  "a": 1.0,
  "beta": 2.828429937362671,
  "energy_std_val_final": 7.439656690244596,
  "learning_rate": 0.001,
  "final_learning_rate": 0.0009046104802746175,
  "energy_mean_val_final": 51.54736328125,
  "energy_var_val_final": 55.34849166870117,
  "energy_mean_val_history": [
    18.26874351501465,
    51.54736328125
  ],
  "energy_std_val_history": [
    27.163593292236328,
    7.439656734466553
  ],
  "energy_var_val_history": [
    737.8607788085938,
    55.34849166870117
  ],
  "epochs": [
    0,
    1,
    2,
    3,
    4,
    5,
    6,
    7,
    8,
    9,
    10,
    11,
    12,
    13,
    14,
    15,
    16,
    17,
    18,
    19
  ],
  "train_loss": [
    13125.928637695313,
    1551.828955078125,
    745.7896545410156,
    608.0118896484375,
    427.31287841796876,
    321.435969543457,
    227.2415328979492,
    191.97767333984376,
    144.94153442382813,
    119.27133178710938,
    104.59471206665039,
    82.39399719238281,
    70.20509071350098,
    65.22588005065919,
    65.84005546569824,
    53.15461387634277,
    54.372501373291016,
    51.53834762573242,
    50.63571395874023,
    54.03841438293457
  ],
  "val_loss": [
    2323.519287109375,
    98.14904022216797
  ],
  "epochs_val": [
    0,
    10
  ]
}