{
  "model_name": "2N_beta2.82843_lr0.001_a0.0043_tp1.00e+04",
  "model_config": {
    "dim": 3,
    "N": 2,
    "rho_hidden": [
      32,
      32,
      32,
      32
    ],
    "phi_hidden": [
      8
    ],
    "eta_hidden": [
      8
    ],
    "phi_output": 4,
    "eta_output": 4,
    "activation_function": "GELU",
    "alpha": 0.5,
    "beta": 2.82843,
    "trainable_alpha": true,
    "a": 0.0043,
    "omega_z": 2.82843,
    "omega_ho": 1.0
  },
  "training_points": 10000,
  "width": 0.7,
  "val_seed": 42,
  "val_points": 10000,
  "seed": 17,
  "energy_parameter_final": 4.8257622718811035,
  "energy_parameter_history": [
    4.828383445739746,
    4.828089237213135,
    4.82745885848999,
    4.8270087242126465,
    4.826704502105713,
    4.8263468742370605,
    4.826189994812012,
    4.826069355010986,
    4.826000213623047,
    4.825945854187012,
    4.82591438293457,
    4.825875282287598,
    4.825845241546631,
    4.825809001922607,
    4.825780868530273
  ],
  "alpha_initial": 0.5,
  "alpha_final": 0.5022868514060974,
  "alpha_history": [
    0.4999504089355469,
    0.5000636577606201,
    0.5006924271583557,
    0.5011475682258606,
    0.5014489889144897,
    0.5017994046211243,
    0.501944899559021,
    0.5020529627799988,
    0.5021105408668518,
    0.5021576285362244,
    0.5021809339523315,
    0.502210795879364,
    0.5022295713424683,
    0.5022522211074829,
    0.5022723078727722
  ],
  "a": 0.0043,
  "beta": 2.828429937362671,
  "energy_std_val_final": 0.39051401468983693,
  "learning_rate": 0.001,
  "final_learning_rate": 0.00022145178723886094,
  "energy_mean_val_final": 4.8139967918396,
  "energy_var_val_final": 0.1525011956691742,
  "energy_mean_val_history": [
    5.5014328956604,
    4.473820686340332,
    4.445159912109375,
    4.581577301025391,
    4.5204291343688965,
    4.694047451019287,
    4.713840007781982,
    4.840479850769043,
    4.819016456604004,
    4.799810886383057,
    4.786377906799316,
    4.801065444946289,
    4.8437299728393555,
    4.848148345947266,
    4.8139967918396
  ],
  "energy_std_val_history": [
    12.32992172241211,
    1.7535938024520874,
    1.2919074296951294,
    1.1097491979599,
    0.9353365898132324,
    0.7376862168312073,
    0.6174951195716858,
    0.5564629435539246,
    0.5005595088005066,
    0.4695207178592682,
    0.4516471028327942,
    0.4317478537559509,
    0.4231950640678406,
    0.4014723598957062,
    0.3905140161514282
  ],
  "energy_var_val_history": [
    152.02696228027344,
    3.0750911235809326,
    1.66902494430542,
    1.2315433025360107,
    0.8748545050621033,
    0.5441809296607971,
    0.3813002109527588,
    0.3096509873867035,
    0.25055980682373047,
    0.22044970095157623,
    0.20398512482643127,
    0.1864061951637268,
    0.17909406125545502,
    0.1611800640821457,
    0.1525011956691742
  ],
  "epochs": [
    0,
    1,
    2,
    3,
    4,
    5,
    6,
    7,
    8,
    9,
    10,
    11,
    12,
    13,
    14,
    15,
    16,
    17,
    18,
    19,
    20,
    21,
    22,
    23,
    24,
    25,
    26,
    27,
    28,
    29,
    30,
    31,
    32,
    33,
    34,
    35,
    36,
    37,
    38,
    39,
    40,
    41,
    42,
    43,
    44,
    45,
    46,
    47,
    48,
    49,
    50,
    51,
    52,
    53,
    54,
    55,
    56,
    57,
    58,
    59,
    60,
    61,
    62,
    63,
    64,
    65,
    66,
    67,
    68,
    69,
    70,
    71,
    72,
    73,
    74,
    75,
    76,
    77,
    78,
    79,
    80,
    81,
    82,
    83,
    84,
    85,
    86,
    87,
    88,
    89,
    90,
    91,
    92,
    93,
    94,
    95,
    96,
    97,
    98,
    99,
    100,
    101,
    102,
    103,
    104,
    105,
    106,
    107,
    108,
    109,
    110,
    111,
    112,
    113,
    114,
    115,
    116,
    117,
    118,
    119,
    120,
    121,
    122,
    123,
    124,
    125,
    126,
    127,
    128,
    129,
    130,
    131,
    132,
    133,
    134,
    135,
    136,
    137,
    138,
    139,
    140,
    141,
    142,
    143,
    144,
    145,
    146,
    147,
    148,
    149
  ],
  "train_loss": [
    482.7025665283203,
    103.98298034667968,
    43.15449485778809,
    22.484442138671874,
    14.196892547607423,
    9.888004875183105,
    6.887686538696289,
    5.484987735748291,
    4.448763370513916,
    3.6760065078735353,
    3.318367528915405,
    2.866435194015503,
    3.0425554752349853,
    2.4448917865753175,
    2.553159999847412,
    2.186351776123047,
    2.2556763172149656,
    2.0889480829238893,
    1.9603477239608764,
    2.080269527435303,
    1.833041739463806,
    2.557389259338379,
    1.6534093379974366,
    1.6700060606002807,
    1.6381824493408204,
    1.5080191373825074,
    1.4693474054336548,
    1.486298632621765,
    2.0217757701873778,
    1.335421085357666,
    1.2806328773498534,
    1.333107852935791,
    1.3424473762512208,
    1.3075110912322998,
    1.2698106527328492,
    1.1517844438552856,
    1.0879246950149537,
    1.086998748779297,
    1.1324065923690796,
    1.0099738836288452,
    1.0099598050117493,
    0.8998337388038635,
    0.9512565851211547,
    0.8512423634529114,
    1.1080286622047424,
    0.7541462898254394,
    0.7058931708335876,
    0.6328313946723938,
    1.1216609001159668,
    0.5345692932605743,
    0.5515014588832855,
    0.5352772116661072,
    0.5156711280345917,
    0.4531898319721222,
    0.98085697889328,
    0.4588857233524323,
    0.4457933664321899,
    0.4533137083053589,
    0.44971118569374086,
    0.3780704319477081,
    0.39470407366752625,
    0.38423306345939634,
    0.3465759217739105,
    0.32536985278129577,
    0.35116913318634035,
    0.3463171303272247,
    0.32095181941986084,
    0.28888905644416807,
    0.33634236454963684,
    1.841578722000122,
    0.32039124667644503,
    0.30116440653800963,
    0.3083192467689514,
    0.27904351353645324,
    0.29582526087760924,
    0.2781614184379578,
    0.27971538305282595,
    2.7995476126670837,
    0.2938782870769501,
    0.25766345858573914,
    0.26024922728538513,
    0.2571293503046036,
    0.2502110034227371,
    0.23534439206123353,
    0.25577903985977174,
    0.223319473862648,
    0.320468670129776,
    0.2094471573829651,
    0.222333887219429,
    0.21340980231761933,
    0.23849992752075194,
    0.21738364100456237,
    0.22683192789554596,
    0.21830034852027894,
    0.22860995531082154,
    0.22662397623062133,
    0.2505717694759369,
    0.21973835825920104,
    0.21974256336688996,
    0.23987311422824859,
    0.2177991211414337,
    0.20944649279117583,
    0.21016480326652526,
    0.21573008596897125,
    0.19923049509525298,
    0.19281826615333558,
    0.20038858354091643,
    0.1836256802082062,
    0.1907346487045288,
    0.2013178586959839,
    0.19174778163433076,
    0.18988491892814635,
    0.18591058850288392,
    0.2280837506055832,
    0.18686910569667817,
    0.19025671482086182,
    0.19455087780952454,
    0.17328765094280243,
    0.18242308497428894,
    0.1624344617128372,
    0.166226264834404,
    0.17160473465919496,
    0.18415108621120452,
    0.16236640214920045,
    0.21368124783039094,
    0.17152806520462036,
    0.16556874215602874,
    0.16311948001384735,
    0.1635272055864334,
    0.16663495302200318,
    0.175013667345047,
    0.16549017727375032,
    0.18169666528701783,
    0.16719057857990266,
    0.16457758247852325,
    0.1719714254140854,
    0.15185097754001617,
    0.1608110100030899,
    0.1399271532893181,
    0.1653558373451233,
    0.15720595121383668,
    0.14888011515140534,
    0.20202457010746003,
    0.17868052124977113,
    0.14913701117038727,
    0.14192473590373994,
    0.1311395972967148,
    0.15457643568515778,
    0.15762018263339997,
    0.16614441573619843
  ],