{
  "model_name": "2N_beta1.0_lr0.001_a0.0043_32_tp1.00e+04",
  "model_config": {
    "dim": 2,
    "N": 2,
    "rho_hidden": [
      32,
      32,
      32,
      32
    ],
    "phi_hidden": [
      2
    ],
    "eta_hidden": [
      2
    ],
    "phi_output": 4,
    "eta_output": 4,
    "activation_function": "GELU",
    "alpha": 0.5,
    "beta": 1.0,
    "trainable_alpha": false,
    "a": 0.0043,
    "omega_z": 1.0,
    "omega_ho": 1.0,
    "trainable_energy": false
  },
  "training_points": 10000,
  "batch_size": 1000,
  "width": 1.0,
  "val_seed": 42,
  "val_points": 10000,
  "seed": 17,
  "energy_parameter_final": 3.0,
  "energy_parameter_history": [
    3.0,
    3.0,
    3.0,
    3.0,
    3.0,
    3.0,
    3.0,
    3.0,
    3.0,
    3.0,
    3.0,
    3.0,
    3.0,
    3.0,
    3.0,
    3.0,
    3.0,
    3.0,
    3.0,
    3.0
  ],
  "alpha_initial": 0.5,
  "alpha_final": 0.5,
  "alpha_history": [
    0.5,
    0.5,
    0.5,
    0.5,
    0.5,
    0.5,
    0.5,
    0.5,
    0.5,
    0.5,
    0.5,
    0.5,
    0.5,
    0.5,
    0.5,
    0.5,
    0.5,
    0.5,
    0.5,
    0.5
  ],
  "a": 0.0043,
  "beta": 1.0,
  "energy_std_val_final": 0.32064917943549975,
  "learning_rate": 0.001,
  "final_learning_rate": 0.000366957821726167,
  "energy_mean_val_final": 2.2811787128448486,
  "energy_var_val_final": 0.1028158962726593,
  "energy_mean_val_history": [
    2.0527586936950684,
    2.216681957244873,
    2.247480869293213,
    2.2364604473114014,
    2.250488519668579,
    2.276244640350342,
    2.274913787841797,
    2.2609610557556152,
    2.2724690437316895,
    2.25988507270813,
    2.2752137184143066,
    2.265350103378296,
    2.298431873321533,
    2.2667458057403564,
    2.2777533531188965,
    2.2938694953918457,
    2.2791671752929688,
    2.2793800830841064,
    2.274937629699707,
    2.2811787128448486
  ],
  "energy_std_val_history": [
    2.2806904315948486,
    0.5272943377494812,
    0.47849953174591064,
    0.3987942636013031,
    0.38294345140457153,
    0.40919339656829834,
    0.39404234290122986,
    0.3513171672821045,
    0.371383398771286,
    0.324995756149292,
    0.345214307308197,
    0.3234255015850067,
    0.38512617349624634,
    0.31073901057243347,
    0.3470057249069214,
    0.3558703660964966,
    0.3349083364009857,
    0.3160087764263153,
    0.32046690583229065,
    0.3206491768360138
  ],
  "energy_var_val_history": [
    5.2015485763549805,
    0.2780393064022064,
    0.2289617955684662,
    0.15903687477111816,
    0.1466456949710846,
    0.16743922233581543,
    0.15526935458183289,
    0.1234237477183342,
    0.1379256397485733,
    0.10562223196029663,
    0.11917290836572647,
    0.10460405796766281,
    0.1483221799135208,
    0.09655873477458954,
    0.12041297554969788,
    0.12664370238780975,
    0.11216358840465546,
    0.09986154735088348,
    0.10269904136657715,
    0.1028158962726593
  ],
  "epochs": [
    0,
    1,
    2,
    3,
    4,
    5,
    6,
    7,
    8,
    9,
    10,
    11,
    12,
    13,
    14,
    15,
    16,
    17,
    18,
    19,
    20,
    21,
    22,
    23,
    24,
    25,
    26,
    27,
    28,
    29,
    30,
    31,
    32,
    33,
    34,
    35,
    36,
    37,
    38,
    39,
    40,
    41,
    42,
    43,
    44,
    45,
    46,
    47,
    48,
    49,
    50,
    51,
    52,
    53,
    54,
    55,
    56,
    57,
    58,
    59,
    60,
    61,
    62,
    63,
    64,
    65,
    66,
    67,
    68,
    69,
    70,
    71,
    72,
    73,
    74,
    75,
    76,
    77,
    78,
    79,
    80,
    81,
    82,
    83,
    84,
    85,
    86,
    87,
    88,
    89,
    90,
    91,
    92,
    93,
    94,
    95,
    96,
    97,
    98,
    99,
    100,
    101,
    102,
    103,
    104,
    105,
    106,
    107,
    108,
    109,
    110,
    111,
    112,
    113,
    114,
    115,
    116,
    117,
    118,
    119,
    120,
    121,
    122,
    123,
    124,
    125,
    126,
    127,
    128,
    129,
    130,
    131,
    132,
    133,
    134,
    135,
    136,
    137,
    138,
    139,
    140,
    141,
    142,
    143,
    144,
    145,
    146,
    147,
    148,
    149,
    150,
    151,
    152,
    153,
    154,
    155,
    156,
    157,
    158,
    159,
    160,
    161,
    162,
    163,
    164,
    165,
    166,
    167,
    168,
    169,
    170,
    171,
    172,
    173,
    174,
    175,
    176,
    177,
    178,
    179,
    180,
    181,
    182,
    183,
    184,
    185,
    186,
    187,
    188,
    189,
    190,
    191,
    192,
    193,
    194,
    195,
    196,
    197,
    198,
    199
  ],