{
  "model_name": "2N_beta2.82843_lr0.0001_a0.0043_tp5.00e+04",
  "model_config": {
    "dim": 3,
    "N": 2,
    "rho_hidden": [
      32,
      32,
      32,
      32
    ],
    "phi_hidden": [
      8
    ],
    "eta_hidden": [
      8
    ],
    "phi_output": 4,
    "eta_output": 4,
    "activation_function": "GELU",
    "alpha": 0.5,
    "beta": 2.82843,
    "trainable_alpha": false,
    "a": 0.0043,
    "omega_z": 2.82843,
    "omega_ho": 1.0
  },
  "training_points": 50000,
  "width": 1.0,
  "val_seed": 42,
  "val_points": 10000,
  "seed": 17,
  "energy_parameter_final": 4.708311557769775,
  "energy_parameter_history": [
    4.823147773742676,
    4.7562994956970215,
    4.705327987670898,
    4.671749114990234,
    4.65667200088501,
    4.653194904327393,
    4.658143520355225,
    4.669196128845215,
    4.682656764984131,
    4.697348594665527
  ],
  "alpha_initial": 0.5,
  "alpha_final": 0.5,
  "alpha_history": [
    0.5,
    0.5,
    0.5,
    0.5,
    0.5,
    0.5,
    0.5,
    0.5,
    0.5,
    0.5
  ],
  "a": 0.0043,
  "beta": 2.828429937362671,
  "energy_std_val_final": 0.92420200258561,
  "learning_rate": 0.0001,
  "final_learning_rate": 3.660323412732293e-05,
  "energy_mean_val_final": 4.72799825668335,
  "energy_var_val_final": 0.854149341583252,
  "energy_mean_val_history": [
    2.046292781829834,
    3.9230847358703613,
    4.250608444213867,
    4.508893966674805,
    4.631104946136475,
    4.6696248054504395,
    4.671583652496338,
    4.712033748626709,
    4.718114852905273,
    4.72799825668335
  ],
  "energy_std_val_history": [
    9.201240539550781,
    3.08369517326355,
    2.0126283168792725,
    1.4954307079315186,
    1.2564693689346313,
    1.1298041343688965,
    1.0539331436157227,
    1.0000563859939575,
    0.9579651355743408,
    0.9242019653320312
  ],
  "energy_var_val_history": [
    84.6628189086914,
    9.509175300598145,
    4.050673007965088,
    2.2363131046295166,
    1.578715205192566,
    1.2764573097229004,
    1.110775113105774,
    1.0001128911972046,
    0.9176972508430481,
    0.854149341583252
  ],
  "epochs": [
    0,
    1,
    2,
    3,
    4,
    5,
    6,
    7,
    8,
    9,
    10,
    11,
    12,
    13,
    14,
    15,
    16,
    17,
    18,
    19,
    20,
    21,
    22,
    23,
    24,
    25,
    26,
    27,
    28,
    29,
    30,
    31,
    32,
    33,
    34,
    35,
    36,
    37,
    38,
    39,
    40,
    41,
    42,
    43,
    44,
    45,
    46,
    47,
    48,
    49,
    50,
    51,
    52,
    53,
    54,
    55,
    56,
    57,
    58,
    59,
    60,
    61,
    62,
    63,
    64,
    65,
    66,
    67,
    68,
    69,
    70,
    71,
    72,
    73,
    74,
    75,
    76,
    77,
    78,
    79,
    80,
    81,
    82,
    83,
    84,
    85,
    86,
    87,
    88,
    89,
    90,
    91,
    92,
    93,
    94,
    95,
    96,
    97,
    98,
    99
  ],
  "train_loss": [
    134.40473510742189,
    73.4975863647461,
    47.37898712158203,
    34.09018978118897,
    25.901317710876466,
    20.94632558822632,
    17.942986812591553,
    16.339715633392334,
    13.49773551940918,
    12.527590141296386,
    11.208243598937988,
    10.11306736946106,
    9.022461814880371,
    8.416241149902344,
    7.798215398788452,
    6.796131896972656,
    6.359725084304809,
    5.848717489242554,
    5.460336980819702,
    4.983565349578857,
    4.913356547355652,
    4.093466219902038,
    3.9548304271698,
    3.5066729402542114,
    3.397226572036743,
    3.3081025505065917,
    2.897153306007385,
    2.8514309334754944,
    2.595615921020508,
    2.5316921424865724,
    2.3391358923912047,
    2.2419865107536316,
    2.2350908732414245,
    2.0352274274826048,
    1.9435450434684753,
    2.016877863407135,
    1.8493882656097411,
    1.7624285912513733,
    1.7341078901290894,
    1.6228392648696899,
    4.064801418781281,
    1.6720247483253479,
    1.5847435259819032,
    1.4794763278961183,
    1.5775706195831298,
    1.4378746569156646,
    1.4144329261779784,
    1.4149533224105835,
    62.433651497364046,
    1.3007075464725495,
    1.2908025467395783,
    1.2636293625831605,
    1.2612783086299897,
    1.2194285655021668,
    1.2507937443256378,
    1.2391158950328827,
    1.2307599687576294,
    1.1274236369132995,
    1.2645766258239746,
    1.2497983026504516,
    1.085926285982132,
    1.3733244943618774,
    1.0778666710853577,
    1.0579185926914214,
    1.1146440291404724,
    1.0785062193870545,
    1.0337547802925109,
    1.072820109128952,
    1.031502023935318,
    1.0051939034461974,
    1.045090036392212,
    0.9846103632450104,
    1.0227661299705506,
    1.0352721774578095,
    0.9737746977806091,
    0.9879897582530975,
    0.9877136194705963,
    1.0036563098430633,
    0.9262408006191254,
    0.8956157052516938,
    0.9260573852062225,
    0.9499248552322388,
    0.9606936001777648,
    0.9784986388683319,
    0.9265293967723847,
    0.8994097697734833,
    0.9107986748218536,
    0.927478631734848,
    0.924538117647171,
    0.8793896365165711,
    0.856729576587677,
    0.8553187453746796,
    0.8924917256832123,
    0.8568991923332214,
    0.8918283545970916,
    0.8416500818729401,
    0.8879475820064545,
    0.8268323791027069,
    0.8486323976516723,
    0.8284416782855988
  ],
  "val_loss": [
    92.36527252197266,
    10.202470779418945,
    4.25703763961792,
    2.2626113891601562,
    1.5792111158370972,
    1.2765997648239136,
    1.1108447313308716,
    1.0018478631973267,
    0.9188627004623413,
    0.855003297328949
  ],
  "epochs_val": [
    0,
    10,
    20,
    30,
    40,
    50,
    60,
    70,
    80,
    90
  ]
}