{
  "model_name": "2N_beta2.82843_lr0.001_a0.0043_tp5.00e+04",
  "model_config": {
    "dim": 3,
    "N": 2,
    "rho_hidden": [
      32,
      32,
      32,
      32
    ],
    "phi_hidden": [
      8
    ],
    "eta_hidden": [
      8
    ],
    "phi_output": 4,
    "eta_output": 4,
    "activation_function": "GELU",
    "alpha": 0.5,
    "beta": 2.82843,
    "trainable_alpha": true,
    "a": 0.0043,
    "omega_z": 2.82843,
    "omega_ho": 1.0
  },
  "training_points": 50000,
  "width": 0.7,
  "val_seed": 42,
  "val_points": 10000,
  "seed": 17,
  "energy_parameter_final": 4.826111793518066,
  "energy_parameter_history": [
    4.828166484832764,
    4.826541900634766,
    4.8264689445495605,
    4.826538562774658,
    4.8266191482543945,
    4.826625823974609,
    4.826554298400879,
    4.826457977294922,
    4.826418876647949,
    4.8263397216796875,
    4.826277732849121,
    4.826247692108154,
    4.826193332672119,
    4.826162815093994,
    4.826135635375977
  ],
  "alpha_initial": 0.5,
  "alpha_final": 0.4982544481754303,
  "alpha_history": [
    0.5001464486122131,
    0.49996867775917053,
    0.49878790974617004,
    0.4979909062385559,
    0.4977051317691803,
    0.49764880537986755,
    0.4977126717567444,
    0.49778255820274353,
    0.49784141778945923,
    0.4979277551174164,
    0.49800804257392883,
    0.4980527460575104,
    0.49811017513275146,
    0.49816974997520447,
    0.4982162415981293
  ],
  "a": 0.0043,
  "beta": 2.828429937362671,
  "energy_std_val_final": 0.08796328878728692,
  "learning_rate": 0.001,
  "final_learning_rate": 0.00022145178723886094,
  "energy_mean_val_final": 4.829862594604492,
  "energy_var_val_final": 0.007737540174275637,
  "energy_mean_val_history": [
    4.569659233093262,
    4.7737603187561035,
    4.7863030433654785,
    4.781188488006592,
    4.865689277648926,
    4.868466377258301,
    4.7942118644714355,
    4.884393215179443,
    4.776286602020264,
    4.847812652587891,
    4.804555416107178,
    4.8561248779296875,
    4.779770851135254,
    4.817875862121582,
    4.829862594604492
  ],
  "energy_std_val_history": [
    2.2541744709014893,
    0.5724872350692749,
    0.37780922651290894,
    0.25640323758125305,
    0.19431500136852264,
    0.1733398586511612,
    0.14546418190002441,
    0.13486717641353607,
    0.11899546533823013,
    0.11173179745674133,
    0.10001533478498459,
    0.10553989559412003,
    0.0985594168305397,
    0.08860879391431808,
    0.0879632905125618
  ],
  "energy_var_val_history": [
    5.081302165985107,
    0.3277416229248047,
    0.14273980259895325,
    0.0657426193356514,
    0.037758320569992065,
    0.030046705156564713,
    0.021159829571843147,
    0.01818915642797947,
    0.014159920625388622,
    0.012483994476497173,
    0.01000306662172079,
    0.011138669215142727,
    0.009713958948850632,
    0.007851517759263515,
    0.007737540174275637
  ],
  "epochs": [
    0,
    1,
    2,
    3,
    4,
    5,
    6,
    7,
    8,
    9,
    10,
    11,
    12,
    13,
    14,
    15,
    16,
    17,
    18,
    19,
    20,
    21,
    22,
    23,
    24,
    25,
    26,
    27,
    28,
    29,
    30,
    31,
    32,
    33,
    34,
    35,
    36,
    37,
    38,
    39,
    40,
    41,
    42,
    43,
    44,
    45,
    46,
    47,
    48,
    49,
    50,
    51,
    52,
    53,
    54,
    55,
    56,
    57,
    58,
    59,
    60,
    61,
    62,
    63,
    64,
    65,
    66,
    67,
    68,
    69,
    70,
    71,
    72,
    73,
    74,
    75,
    76,
    77,
    78,
    79,
    80,
    81,
    82,
    83,
    84,
    85,
    86,
    87,
    88,
    89,
    90,
    91,
    92,
    93,
    94,
    95,
    96,
    97,
    98,
    99,
    100,
    101,
    102,
    103,
    104,
    105,
    106,
    107,
    108,
    109,
    110,
    111,
    112,
    113,
    114,
    115,
    116,
    117,
    118,
    119,
    120,
    121,
    122,
    123,
    124,
    125,
    126,
    127,
    128,
    129,
    130,
    131,
    132,
    133,
    134,
    135,
    136,
    137,
    138,
    139,
    140,
    141,
    142,
    143,
    144,
    145,
    146,
    147,
    148,
    149
  ],
  "train_loss": [
    27.49603328704834,
    3.2860454416275022,
    1.7424097776412963,
    1.2125995326042176,
    0.9790193033218384,
    0.7804950070381165,
    0.5890602672100067,
    1.1289773035049437,
    0.4051320993900299,
    0.3859354305267334,
    0.34452297270298005,
    0.320164652466774,
    0.2905536127090454,
    0.26082104444503784,
    0.2402609932422638,
    0.22460722744464875,
    2833.9623472601174,
    1.8374047785997392,
    0.2856545960903168,
    0.3351932418346405,
    0.1502835890650749,
    0.14795585542917253,
    0.47155160158872605,
    0.12403760433197021,
    0.1325821614265442,
    0.11112257868051528,
    0.08918683767318726,
    0.10231770515441894,
    0.08949129983782768,
    0.20071835860610007,
    0.08415059968829156,
    0.1014887048304081,
    0.17365597173571587,
    0.07186153516173363,
    0.08254887267947197,
    0.06415647625923157,
    0.06087208062410355,
    0.05080957621335983,
    0.05581253856420517,
    0.04152595721185207,
    0.09386401951313018,
    0.053104223012924195,
    0.05634967401623726,
    0.04379841484129429,
    0.10054424367845058,
    0.06140510931611061,
    0.07464268133044243,
    0.03818107023835182,
    0.04173596918582916,
    0.21178061351180077,
    0.053221299722790716,
    0.06482270263135433,
    0.053596598580479625,
    0.036670495271682736,
    0.05040885835886002,
    0.07215189799666405,
    0.041995036602020266,
    0.02576967444270849,
    0.028940594419837,
    0.21643968410789965,
    0.029808955788612364,
    3.232000421136618,
    0.030120516642928124,
    0.02309968415647745,
    0.03946196958422661,
    0.04189397297799587,
    0.02325301945209503,
    0.024278197064995767,
    0.030089114159345627,
    0.024883218966424467,
    0.1959864130243659,
    0.028238606452941895,
    0.024112823978066446,
    0.023438303619623183,
    0.032329763472080233,
    0.26058638013899327,
    0.023395920544862746,
    0.021437179856002332,
    0.05886747732758522,
    0.023720177710056304,
    0.019758235439658167,
    0.017826248407363892,
    0.024555425457656384,
    0.03917986288666725,
    0.02948811251670122,
    0.02970084235072136,
    0.016022639386355876,
    0.01910925403237343,
    0.1317166704311967,
    0.016435160040855407,
    0.021379684545099736,
    0.021666342839598656,
    0.01645453233271837,
    0.015350247025489807,
    0.014938278160989284,
    0.09384994439780713,
    0.0370259403809905,
    0.013965535461902618,
    0.015220194682478904,
    0.017692911028861998,
    0.01365764405578375,
    0.07514538235962391,
    0.019294339697808027,
    0.011072364170104265,
    0.021267533097416164,
    0.014883895572274923,
    0.01195461081340909,
    0.03764695163816214,
    0.01797247286885977,
    0.01624114342033863,
    0.022286098059266804,
    0.018160731736570596,
    0.014855618216097355,
    0.04293453969061375,
    0.02213163523003459,
    0.012719038762152196,
    0.014095410630106926,
    0.04680196639150381,
    0.009601385202258825,
    0.010084784422069788,
    0.016924782134592534,
    0.020977145973592997,
    0.18740330474451183,
    0.13278710421174764,
    0.012773049287497997,
    0.010236932169646025,
    0.010587437190115451,
    0.09365747274830938,
    0.015399636048823596,
    0.11424915757030249,
    0.07424691228196025,
    0.01390644881874323,
    0.00998079488053918,
    0.0246414583735168,
    1.513536323029548,
    0.20787111707031727,
    0.08476961962878704,
    0.01018692085519433,
    0.014295327346771955,
    4.304600284434855,
    0.012671621777117252,
    0.07211287619546056,
    0.014281209707260132,
    0.00968475455418229,
    0.014389938581734896,
    0.012916787341237069,
    0.00869388535618782,
    0.00782102219760418,
    0.013438560906797648,
    0.009434074629098177
  ],