{
  "model_name": "2N_beta1.0_lr0.001_a0.0043_32_tp1.00e+04",
  "model_config": {
    "dim": 3,
    "N": 2,
    "rho_hidden": [
      32,
      32,
      32,
      32
    ],
    "phi_hidden": [
      2
    ],
    "eta_hidden": [
      2
    ],
    "phi_output": 4,
    "eta_output": 4,
    "activation_function": "GELU",
    "alpha": 0.5,
    "beta": 1.0,
    "trainable_alpha": false,
    "a": 0.0043,
    "omega_z": 1.0,
    "omega_ho": 1.0,
    "trainable_energy": false
  },
  "training_points": 10000,
  "batch_size": 1000,
  "width": 0.7,
  "val_seed": 42,
  "val_points": 10000,
  "seed": 17,
  "energy_parameter_final": 3.0,
  "energy_parameter_history": [
    3.0,
    3.0,
    3.0,
    3.0,
    3.0,
    3.0,
    3.0,
    3.0,
    3.0,
    3.0,
    3.0,
    3.0,
    3.0,
    3.0,
    3.0,
    3.0,
    3.0,
    3.0,
    3.0,
    3.0
  ],
  "alpha_initial": 0.5,
  "alpha_final": 0.5,
  "alpha_history": [
    0.5,
    0.5,
    0.5,
    0.5,
    0.5,
    0.5,
    0.5,
    0.5,
    0.5,
    0.5,
    0.5,
    0.5,
    0.5,
    0.5,
    0.5,
    0.5,
    0.5,
    0.5,
    0.5,
    0.5
  ],
  "a": 0.0043,
  "beta": 1.0,
  "energy_std_val_final": 0.016036991841672187,
  "learning_rate": 0.001,
  "final_learning_rate": 0.000366957821726167,
  "energy_mean_val_final": 3.002408027648926,
  "energy_var_val_final": 0.00025718510732986033,
  "energy_mean_val_history": [
    2.7458431720733643,
    3.009460210800171,
    3.012573003768921,
    3.005253553390503,
    3.005004644393921,
    3.001359462738037,
    3.00508975982666,
    3.0078320503234863,
    3.0042178630828857,
    3.005500078201294,
    3.0067453384399414,
    3.004596471786499,
    3.00471568107605,
    3.005866289138794,
    3.0035507678985596,
    3.0040791034698486,
    3.0038201808929443,
    3.003997325897217,
    3.0041921138763428,
    3.002408027648926
  ],
  "energy_std_val_history": [
    0.6529203057289124,
    0.03614280745387077,
    0.04325752332806587,
    0.01839999109506607,
    0.021657967939972878,
    0.02033171057701111,
    0.01201657671481371,
    0.01653508096933365,
    0.011656840331852436,
    0.009215075522661209,
    0.011941117234528065,
    0.008686594665050507,
    0.008062337525188923,
    0.013256962411105633,
    0.00807263795286417,
    0.007187217008322477,
    0.007044700440019369,
    0.006572116166353226,
    0.006358365993946791,
    0.0160369910299778
  ],
  "energy_var_val_history": [
    0.4263049066066742,
    0.0013063024962320924,
    0.0018712132005020976,
    0.0003385596501175314,
    0.00046906759962439537,
    0.00041337846778333187,
    0.00014439811639022082,
    0.0002734089212026447,
    0.00013588194269686937,
    8.49176140036434e-05,
    0.00014259028830565512,
    7.545693370047957e-05,
    6.500129529740661e-05,
    0.00017574705998413265,
    6.516748544527218e-05,
    5.165608672541566e-05,
    4.962780440109782e-05,
    4.3192711018491536e-05,
    4.042881482746452e-05,
    0.00025718510732986033
  ],
  "epochs": [
    0,
    1,
    2,
    3,
    4,
    5,
    6,
    7,
    8,
    9,
    10,
    11,
    12,
    13,
    14,
    15,
    16,
    17,
    18,
    19,
    20,
    21,
    22,
    23,
    24,
    25,
    26,
    27,
    28,
    29,
    30,
    31,
    32,
    33,
    34,
    35,
    36,
    37,
    38,
    39,
    40,
    41,
    42,
    43,
    44,
    45,
    46,
    47,
    48,
    49,
    50,
    51,
    52,
    53,
    54,
    55,
    56,
    57,
    58,
    59,
    60,
    61,
    62,
    63,
    64,
    65,
    66,
    67,
    68,
    69,
    70,
    71,
    72,
    73,
    74,
    75,
    76,
    77,
    78,
    79,
    80,
    81,
    82,
    83,
    84,
    85,
    86,
    87,
    88,
    89,
    90,
    91,
    92,
    93,
    94,
    95,
    96,
    97,
    98,
    99,
    100,
    101,
    102,
    103,
    104,
    105,
    106,
    107,
    108,
    109,
    110,
    111,
    112,
    113,
    114,
    115,
    116,
    117,
    118,
    119,
    120,
    121,
    122,
    123,
    124,
    125,
    126,
    127,
    128,
    129,
    130,
    131,
    132,
    133,
    134,
    135,
    136,
    137,
    138,
    139,
    140,
    141,
    142,
    143,
    144,
    145,
    146,
    147,
    148,
    149,
    150,
    151,
    152,
    153,
    154,
    155,
    156,
    157,
    158,
    159,
    160,
    161,
    162,
    163,
    164,
    165,
    166,
    167,
    168,
    169,
    170,
    171,
    172,
    173,
    174,
    175,
    176,
    177,
    178,
    179,
    180,
    181,
    182,
    183,
    184,
    185,
    186,
    187,
    188,
    189,
    190,
    191,
    192,
    193,
    194,
    195,
    196,
    197,
    198,
    199
  ],