{
  "model_name": "2N_beta2.82843_long_jastrow0.5_width0.7_a1.0_tp2.00e+03",
  "model_config": {
    "dim": 3,
    "N": 2,
    "rho_hidden": [
      32,
      32
    ],
    "phi_hidden": [
      8,
      8
    ],
    "eta_hidden": [
      8,
      8,
      8
    ],
    "phi_output": 4,
    "eta_output": 4,
    "activation_function": "GELU",
    "alpha": 0.5,
    "beta": 2.82843,
    "trainable_alpha": false,
    "a": 1.0,
    "omega_z": 2.82843,
    "omega_ho": 1.0,
    "trainable_energy": false,
    "beta_jastrow": 0.5,
    "trainable_beta_jastrow": false
  },
  "training_points": 2000,
  "batch_size": 100,
  "width": 0.7,
  "val_seed": 42,
  "val_points": 10000,
  "seed": 17,
  "energy_parameter_final": 5.688000202178955,
  "energy_parameter_history": [
    5.688000202178955,
    5.688000202178955,
    5.688000202178955,
    5.688000202178955,
    5.688000202178955,
    5.688000202178955,
    5.688000202178955,
    5.688000202178955,
    5.688000202178955,
    5.688000202178955
  ],
  "alpha_initial": 0.5,
  "alpha_final": 0.5,
  "alpha_history": [
    0.5,
    0.5,
    0.5,
    0.5,
    0.5,
    0.5,
    0.5,
    0.5,
    0.5,
    0.5
  ],
  "a": 1.0,
  "beta": 2.828429937362671,
  "energy_std_val_final": 0.21152720320318055,
  "learning_rate": 0.001,
  "final_learning_rate": 0.0006057704364907278,
  "energy_mean_val_final": 5.678130149841309,
  "energy_var_val_final": 0.04474375769495964,
  "energy_mean_val_history": [
    4.887065410614014,
    5.530185699462891,
    5.637780666351318,
    5.603534698486328,
    5.6202898025512695,
    5.664736747741699,
    5.648936748504639,
    5.663259983062744,
    5.690771102905273,
    5.678130149841309
  ],
  "energy_std_val_history": [
    2.361970901489258,
    1.0261625051498413,
    0.6953794360160828,
    0.5152290463447571,
    0.4237344563007355,
    0.3441147804260254,
    0.30695006251335144,
    0.2512279152870178,
    0.23377206921577454,
    0.21152719855308533
  ],
  "energy_var_val_history": [
    5.578906536102295,
    1.0530095100402832,
    0.4835525155067444,
    0.2654609978199005,
    0.179550901055336,
    0.1184149757027626,
    0.09421834349632263,
    0.06311547011137009,
    0.05464938282966614,
    0.04474375769495964
  ],
  "epochs": [
    0,
    1,
    2,
    3,
    4,
    5,
    6,
    7,
    8,
    9,
    10,
    11,
    12,
    13,
    14,
    15,
    16,
    17,
    18,
    19,
    20,
    21,
    22,
    23,
    24,
    25,
    26,
    27,
    28,
    29,
    30,
    31,
    32,
    33,
    34,
    35,
    36,
    37,
    38,
    39,
    40,
    41,
    42,
    43,
    44,
    45,
    46,
    47,
    48,
    49,
    50,
    51,
    52,
    53,
    54,
    55,
    56,
    57,
    58,
    59,
    60,
    61,
    62,
    63,
    64,
    65,
    66,
    67,
    68,
    69,
    70,
    71,
    72,
    73,
    74,
    75,
    76,
    77,
    78,
    79,
    80,
    81,
    82,
    83,
    84,
    85,
    86,
    87,
    88,
    89,
    90,
    91,
    92,
    93,
    94,
    95,
    96,
    97,
    98,
    99
  ],
  "train_loss": [
    8.311753666400909,
    4.953843629360199,
    5.315896338224411,
    4.353270953893661,
    3.569763517379761,
    3.1265273809432985,
    2.36722372174263,
    1.9706502348184585,
    1.6261058837175368,
    1.1412457078695297,
    1.0225311391055585,
    0.7990714877843856,
    0.7920261465013028,
    0.7906571805477143,
    0.6200533628463745,
    0.6285135827958583,
    0.5180222570896149,
    0.370777303725481,
    0.8985304344445467,
    0.32067557871341706,
    0.3276103764772415,
    0.4294694300740957,
    0.6398686751723289,
    1.0979465268552304,
    0.40176032558083535,
    0.2385563559830189,
    0.1880966279655695,
    0.23351738415658474,
    0.12793885618448259,
    0.5521934349089861,
    0.1388969188556075,
    0.2080188937485218,
    0.19476524963974953,
    0.24064166601747275,
    0.1524976070970297,
    0.19950401373207569,
    0.31343131978064775,
    0.16850118655711413,
    0.1391030630096793,
    0.10734696760773658,
    0.16035708617419003,
    0.11137727666646242,
    0.09992997795343399,
    0.13562722001224756,
    0.10067615527659654,
    0.14093013536185026,
    0.1340315249748528,
    0.06797785442322493,
    0.2072689326480031,
    0.08279025070369243,
    0.09394183102995157,
    0.07491858070716262,
    0.15936595275998117,
    0.06029744502156973,
    0.0595838688313961,
    0.05648552649654448,
    0.0942752349190414,
    0.06190821072086692,
    0.06759483264759183,
    0.11012417739257216,
    0.041919305268675086,
    0.04317370830103755,
    0.15949495136737823,
    0.10444604977965355,
    0.0898851117119193,
    0.05301566449925303,
    0.22642735680565237,
    0.04598673931322992,
    0.04241268835030496,
    0.10401372774504125,
    0.0364434614777565,
    0.14506409442983567,
    0.04951206124387682,
    0.06585851786658167,
    0.0451388203073293,
    0.04503071694634855,
    0.026125320279970766,
    0.04221236780285835,
    0.03445551465265453,
    0.036813090881332756,
    0.040859586698934434,
    0.022958114417269825,
    0.01892596671823412,
    0.03732346352189779,
    0.0382590870372951,
    0.017782511515542866,
    0.019382658321410416,
    0.024333775462582707,
    0.026050872262567283,
    0.031130058132112025,
    0.019140840764157473,
    0.049599383305758235,
    0.022420293232426048,
    0.27885000528767706,
    0.06474179895594716,
    0.019373382511548697,
    0.024208929180167614,
    0.016450862283818424,
    0.012346286606043578,
    0.03387258029542863
  ],
  "val_loss": [
    6.219844341278076,
    1.0778095722198486,
    0.48602622747421265,
    0.27256885170936584,
    0.18411760032176971,
    0.11894433945417404,
    0.09573487937450409,
    0.06372124701738358,
    0.05465159937739372,
    0.04483669251203537
  ],
  "epochs_val": [
    0,
    10,
    20,
    30,
    40,
    50,
    60,
    70,
    80,
    90
  ]
}