{
  "model_name": "10N_3D_t10k_2wide_epoch",
  "model_config": {
    "dim": 3,
    "N": 10,
    "rho_hidden": [
      32,
      32,
      32,
      32
    ],
    "phi_hidden": [
      8
    ],
    "eta_hidden": [
      8
    ],
    "phi_output": 4,
    "eta_output": 4,
    "activation_function": "GELU",
    "alpha": 0.5,
    "beta": 1.0,
    "trainable_alpha": true,
    "a": 0.0,
    "omega_z": 1.0,
    "omega_ho": 1.0
  },
  "energy_parameter_final": 14.991525650024414,
  "energy_parameter_history": [
    14.99990463256836,
    14.998950958251953,
    14.997997283935547,
    14.99704360961914,
    14.996089935302734,
    14.995203018188477,
    14.994344711303711,
    14.993572235107422,
    14.992809295654297,
    14.99212646484375
  ],
  "alpha_initial": 0.5,
  "alpha_final": 0.5066271424293518,
  "alpha_history": [
    0.5001001358032227,
    0.5010525584220886,
    0.5019356608390808,
    0.5027531385421753,
    0.5035097599029541,
    0.5041935443878174,
    0.5048064589500427,
    0.5053533315658569,
    0.505841851234436,
    0.5062767863273621
  ],
  "a": 0.0,
  "beta": 1.0,
  "energy_std_val_final": 19.540814064583916,
  "learning_rate": 1e-05,
  "final_learning_rate": 3.660323412732291e-06,
  "energy_mean_val_final": 44.182098388671875,
  "energy_mean_val_history": [
    -690.8790893554688,
    -450.0555114746094,
    -282.5002746582031,
    -166.0872802734375,
    -89.24458312988281,
    -37.15608596801758,
    -1.751410722732544,
    21.556978225708008,
    36.11189651489258,
    44.182098388671875
  ],
  "energy_var_val_final": 381.8434143066406,
  "energy_var_val_history": [
    6725.35986328125,
    4735.47314453125,
    3347.40673828125,
    2423.11865234375,
    1780.0093994140625,
    1317.8941650390625,
    966.9021606445312,
    715.03271484375,
    522.6135864257812,
    381.8434143066406
  ],
  "training_points": 10000,
  "epochs": [
    0,
    1,
    2,
    3,
    4,
    5,
    6,
    7,
    8,
    9,
    10,
    11,
    12,
    13,
    14,
    15,
    16,
    17,
    18,
    19,
    20,
    21,
    22,
    23,
    24,
    25,
    26,
    27,
    28,
    29,
    30,
    31,
    32,
    33,
    34,
    35,
    36,
    37,
    38,
    39,
    40,
    41,
    42,
    43,
    44,
    45,
    46,
    47,
    48,
    49,
    50,
    51,
    52,
    53,
    54,
    55,
    56,
    57,
    58,
    59,
    60,
    61,
    62,
    63,
    64,
    65,
    66,
    67,
    68,
    69,
    70,
    71,
    72,
    73,
    74,
    75,
    76,
    77,
    78,
    79,
    80,
    81,
    82,
    83,
    84,
    85,
    86,
    87,
    88,
    89,
    90,
    91,
    92,
    93,
    94,
    95,
    96,
    97,
    98,
    99
  ],
  "train_loss": [
    1204766.025,
    1127246.4625,
    1054504.675,
    986311.375,
    922369.2875,
    862505.65625,
    806548.51875,
    754220.20625,
    705300.04375,
    659517.36875,
    616704.74375,
    576670.7125,
    539321.28125,
    504338.665625,
    471692.590625,
    441261.29375,
    412788.75,
    386257.18125,
    361454.0375,
    338268.91875,
    316602.81875,
    296332.2625,
    277375.028125,
    259596.540625,
    242995.3796875,
    227415.609375,
    212933.771875,
    199372.909375,
    186731.434375,
    174939.69375,
    163929.415625,
    153623.7578125,
    143980.8265625,
    134991.725,
    126535.15859375,
    118637.61484375,
    111240.24140625,
    104301.09140625,
    97799.83515625,
    91700.90703125,
    85990.1390625,
    80621.49140625,
    75585.62265625,
    70861.5859375,
    66430.260546875,
    62264.494921875,
    58356.262109375,
    54671.2265625,
    51227.7640625,
    47990.994921875,
    44956.2703125,
    42095.891796875,
    39415.425390625,
    36896.269140625,
    34534.59921875,
    32312.8029296875,
    30229.5310546875,
    28271.75078125,
    26438.4203125,
    24720.4306640625,
    23102.4337890625,
    21587.005859375,
    20167.368359375,
    18836.52421875,
    17590.8078125,
    16420.94677734375,
    15327.5201171875,
    14298.865625,
    13337.41689453125,
    12438.06357421875,
    11593.61416015625,
    10803.15458984375,
    10064.22255859375,
    9372.9970703125,
    8724.612109375,
    8120.575244140625,
    7555.276708984375,
    7026.971728515625,
    6531.53857421875,
    6069.951171875,
    5639.3779296875,
    5237.3021484375,
    4861.413916015625,
    4510.993115234375,
    4183.565991210938,
    3879.182666015625,
    3595.022314453125,
    3330.570263671875,
    3084.7629150390626,
    2855.3255126953127,
    2642.6185546875,
    2445.3449951171874,
    2261.557568359375,
    2090.7379516601563,
    1931.6174926757812,
    1784.466650390625,
    1648.3476196289062,
    1521.7084350585938,
    1403.9710571289063,
    1295.2885498046876
  ],
  "val_loss": [
    504989.59375,
    221010.484375,
    91852.1875,
    35214.33203125,
    12645.8916015625,
    4037.4755859375,
    1247.193603515625,
    758.015625,
    968.5597534179688,
    1233.846923828125
  ],
  "epochs_val": [
    0,
    10,
    20,
    30,
    40,
    50,
    60,
    70,
    80,
    90
  ]
}