{
  "model_name": "10N_3D_t50k_600epoch",
  "model_config": {
    "dim": 3,
    "N": 10,
    "rho_hidden": [
      32,
      32,
      32
    ],
    "phi_hidden": [
      8
    ],
    "eta_hidden": [
      8
    ],
    "phi_output": 4,
    "eta_output": 4,
    "activation_function": "GELU",
    "alpha": 0.5,
    "beta": 1.0,
    "trainable_alpha": true,
    "a": 0.0,
    "omega_z": 1.0,
    "omega_ho": 1.0
  },
  "energy_parameter_final": 14.988191604614258,
  "energy_parameter_history": [
    14.99990463256836,
    14.99893569946289,
    14.997913360595703,
    14.996927261352539,
    14.995973587036133,
    14.995027542114258,
    14.994172096252441,
    14.993428230285645,
    14.992806434631348,
    14.992274284362793,
    14.99179744720459,
    14.991375923156738,
    14.990994453430176,
    14.990653991699219,
    14.990367889404297,
    14.990081787109375,
    14.989875793457031,
    14.98968505859375,
    14.989494323730469,
    14.989303588867188,
    14.9891357421875,
    14.98904037475586,
    14.988945007324219,
    14.988849639892578,
    14.988754272460938,
    14.988658905029297,
    14.988563537597656,
    14.988468170166016,
    14.988372802734375,
    14.988277435302734
  ],
  "alpha_initial": 0.5,
  "alpha_final": 0.4931202232837677,
  "alpha_history": [
    0.4998999238014221,
    0.49894222617149353,
    0.4980599582195282,
    0.4972560703754425,
    0.49653127789497375,
    0.49590182304382324,
    0.4953829050064087,
    0.4949725568294525,
    0.4946608245372772,
    0.49441787600517273,
    0.4942188560962677,
    0.49405330419540405,
    0.4939158856868744,
    0.4938019812107086,
    0.4937077462673187,
    0.4936286211013794,
    0.49356138706207275,
    0.4935031235218048,
    0.49345195293426514,
    0.4934066832065582,
    0.4933660328388214,
    0.49332934617996216,
    0.49329638481140137,
    0.4932663142681122,
    0.4932391047477722,
    0.49321430921554565,
    0.49319154024124146,
    0.4931707978248596,
    0.4931522607803345,
    0.49313464760780334
  ],
  "a": 0.0,
  "beta": 1.0,
  "energy_std_val_final": 12.955232860573355,
  "learning_rate": 1e-05,
  "final_learning_rate": 4.90408940712857e-07,
  "energy_mean_val_final": 2.022052526473999,
  "energy_mean_val_history": [
    -249.1166229248047,
    -179.7489471435547,
    -130.69114685058594,
    -96.15616607666016,
    -71.52446746826172,
    -53.87727355957031,
    -41.45317077636719,
    -32.657867431640625,
    -26.26252555847168,
    -21.411638259887695,
    -17.588634490966797,
    -14.500487327575684,
    -11.966559410095215,
    -9.86422061920166,
    -8.107172966003418,
    -6.622756481170654,
    -5.357045650482178,
    -4.267380237579346,
    -3.31969952583313,
    -2.4909615516662598,
    -1.7624664306640625,
    -1.1194634437561035,
    -0.5509458780288696,
    -0.046001046895980835,
    0.4030323326587677,
    0.8031595945358276,
    1.1601592302322388,
    1.479634165763855,
    1.7654457092285156,
    2.022052526473999
  ],
  "energy_var_val_final": 167.8380584716797,
  "energy_var_val_history": [
    2164.912109375,
    1682.214599609375,
    1362.495849609375,
    1125.8109130859375,
    937.5279541015625,
    788.356689453125,
    677.0057373046875,
    590.7886352539062,
    520.4822998046875,
    465.2547607421875,
    420.22052001953125,
    381.4851989746094,
    348.09149169921875,
    319.9521789550781,
    296.5323181152344,
    276.984375,
    260.5167236328125,
    246.50506591796875,
    234.42262268066406,
    223.9220733642578,
    214.74244689941406,
    206.67259216308594,
    199.55653381347656,
    193.25669860839844,
    187.6812744140625,
    182.7294464111328,
    178.3336639404297,
    174.42306518554688,
    170.94351196289062,
    167.8380584716797
  ],
  "training_points": 10000,
  "epochs": [
    0,
    1,
    2,
    3,
    4,
    5,
    6,
    7,
    8,
    9,
    10,
    11,
    12,
    13,
    14,
    15,
    16,
    17,
    18,
    19,
    20,
    21,
    22,
    23,
    24,
    25,
    26,
    27,
    28,
    29,
    30,
    31,
    32,
    33,
    34,
    35,
    36,
    37,
    38,
    39,
    40,
    41,
    42,
    43,
    44,
    45,
    46,
    47,
    48,
    49,
    50,
    51,
    52,
    53,
    54,
    55,
    56,
    57,
    58,
    59,
    60,
    61,
    62,
    63,
    64,
    65,
    66,
    67,
    68,
    69,
    70,
    71,
    72,
    73,
    74,
    75,
    76,
    77,
    78,
    79,
    80,
    81,
    82,
    83,
    84,
    85,
    86,
    87,
    88,
    89,
    90,
    91,
    92,
    93,
    94,
    95,
    96,
    97,
    98,
    99,
    100,
    101,
    102,
    103,
    104,
    105,
    106,
    107,
    108,
    109,
    110,
    111,
    112,
    113,
    114,
    115,
    116,
    117,
    118,
    119,
    120,
    121,
    122,
    123,
    124,
    125,
    126,
    127,
    128,
    129,
    130,
    131,
    132,
    133,
    134,
    135,
    136,
    137,
    138,
    139,
    140,
    141,
    142,
    143,
    144,
    145,
    146,
    147,
    148,
    149,
    150,
    151,
    152,
    153,
    154,
    155,
    156,
    157,
    158,
    159,
    160,
    161,
    162,
    163,
    164,
    165,
    166,
    167,
    168,
    169,
    170,
    171,
    172,
    173,
    174,
    175,
    176,
    177,
    178,
    179,
    180,
    181,
    182,
    183,
    184,
    185,
    186,
    187,
    188,
    189,
    190,
    191,
    192,
    193,
    194,
    195,
    196,
    197,
    198,
    199,
    200,
    201,
    202,
    203,
    204,
    205,
    206,
    207,
    208,
    209,
    210,
    211,
    212,
    213,
    214,
    215,
    216,
    217,
    218,
    219,
    220,
    221,
    222,
    223,
    224,
    225,
    226,
    227,
    228,
    229,
    230,
    231,
    232,
    233,
    234,
    235,
    236,
    237,
    238,
    239,
    240,
    241,
    242,
    243,
    244,
    245,
    246,
    247,
    248,
    249,
    250,
    251,
    252,
    253,
    254,
    255,
    256,
    257,
    258,
    259,
    260,
    261,
    262,
    263,
    264,
    265,
    266,
    267,
    268,
    269,
    270,
    271,
    272,
    273,
    274,
    275,
    276,
    277,
    278,
    279,
    280,
    281,
    282,
    283,
    284,
    285,
    286,
    287,
    288,
    289,
    290,
    291,
    292,
    293,
    294,
    295,
    296,
    297,
    298,
    299
  ],