{
  "model_name": "10N_beta2.82843_lr3_50k_width0.85",
  "model_config": {
    "dim": 3,
    "N": 10,
    "rho_hidden": [
      32,
      32,
      32,
      32
    ],
    "phi_hidden": [
      8
    ],
    "eta_hidden": [
      8
    ],
    "phi_output": 4,
    "eta_output": 4,
    "activation_function": "GELU",
    "alpha": 0.5,
    "beta": 2.82843,
    "trainable_alpha": false,
    "a": 0.0,
    "omega_z": 2.82843,
    "omega_ho": 1.0
  },
  "training_points": 50000,
  "width": 0.85,
  "val_seed": 42,
  "val_points": 10000,
  "seed": 17,
  "energy_parameter_final": 24.161117553710938,
  "energy_parameter_history": [
    24.085819244384766,
    23.939205169677734,
    23.967439651489258,
    24.02249526977539,
    24.059064865112305,
    24.079790115356445,
    24.117406845092773,
    24.128353118896484,
    24.13677978515625,
    24.143802642822266,
    24.149599075317383,
    24.151798248291016,
    24.157161712646484,
    24.158985137939453,
    24.160621643066406,
    24.16078758239746,
    24.161205291748047,
    24.15965461730957,
    24.16188621520996,
    24.16205596923828
  ],
  "alpha_initial": 0.5,
  "alpha_final": 0.5,
  "alpha_history": [
    0.5,
    0.5,
    0.5,
    0.5,
    0.5,
    0.5,
    0.5,
    0.5,
    0.5,
    0.5,
    0.5,
    0.5,
    0.5,
    0.5,
    0.5,
    0.5,
    0.5,
    0.5,
    0.5,
    0.5
  ],
  "a": 0.0,
  "beta": 2.828429937362671,
  "energy_std_val_final": 0.34023337117691954,
  "learning_rate": 0.001,
  "final_learning_rate": 0.00013397967485796178,
  "energy_mean_val_final": 24.131282806396484,
  "energy_var_val_final": 0.1157587468624115,
  "energy_mean_val_history": [
    16.54441261291504,
    23.2039852142334,
    24.104137420654297,
    24.16719627380371,
    24.108213424682617,
    24.025827407836914,
    24.217958450317383,
    24.22661590576172,
    23.9722957611084,
    24.225404739379883,
    24.202499389648438,
    24.041378021240234,
    24.10234832763672,
    24.22780990600586,
    24.1010799407959,
    24.109277725219727,
    24.22484016418457,
    24.1284236907959,
    24.216875076293945,
    24.131282806396484
  ],
  "energy_var_val_history": [
    58.57350158691406,
    8.396659851074219,
    2.702986240386963,
    1.936107873916626,
    1.4586827754974365,
    1.2115222215652466,
    1.20041823387146,
    0.8013025522232056,
    1.0220911502838135,
    0.6299504637718201,
    0.4643896222114563,
    0.5534573793411255,
    0.32284462451934814,
    0.37846171855926514,
    0.26424017548561096,
    0.24013137817382812,
    0.2352428436279297,
    0.1463242769241333,
    0.17670293152332306,
    0.1157587468624115
  ],
  "epochs": [
    0,
    1,
    2,
    3,
    4,
    5,
    6,
    7,
    8,
    9,
    10,
    11,
    12,
    13,
    14,
    15,
    16,
    17,
    18,
    19,
    20,
    21,
    22,
    23,
    24,
    25,
    26,
    27,
    28,
    29,
    30,
    31,
    32,
    33,
    34,
    35,
    36,
    37,
    38,
    39,
    40,
    41,
    42,
    43,
    44,
    45,
    46,
    47,
    48,
    49,
    50,
    51,
    52,
    53,
    54,
    55,
    56,
    57,
    58,
    59,
    60,
    61,
    62,
    63,
    64,
    65,
    66,
    67,
    68,
    69,
    70,
    71,
    72,
    73,
    74,
    75,
    76,
    77,
    78,
    79,
    80,
    81,
    82,
    83,
    84,
    85,
    86,
    87,
    88,
    89,
    90,
    91,
    92,
    93,
    94,
    95,
    96,
    97,
    98,
    99,
    100,
    101,
    102,
    103,
    104,
    105,
    106,
    107,
    108,
    109,
    110,
    111,
    112,
    113,
    114,
    115,
    116,
    117,
    118,
    119,
    120,
    121,
    122,
    123,
    124,
    125,
    126,
    127,
    128,
    129,
    130,
    131,
    132,
    133,
    134,
    135,
    136,
    137,
    138,
    139,
    140,
    141,
    142,
    143,
    144,
    145,
    146,
    147,
    148,
    149,
    150,
    151,
    152,
    153,
    154,
    155,
    156,
    157,
    158,
    159,
    160,
    161,
    162,
    163,
    164,
    165,
    166,
    167,
    168,
    169,
    170,
    171,
    172,
    173,
    174,
    175,
    176,
    177,
    178,
    179,
    180,
    181,
    182,
    183,
    184,
    185,
    186,
    187,
    188,
    189,
    190,
    191,
    192,
    193,
    194,
    195,
    196,
    197,
    198,
    199
  ],