{
  "model_name": "10N_beta2.82843_lr0.001_a0.0043_64_tp1.00e+05",
  "model_config": {
    "dim": 3,
    "N": 10,
    "rho_hidden": [
      32,
      32,
      32,
      32
    ],
    "phi_hidden": [
      8
    ],
    "eta_hidden": [
      8
    ],
    "phi_output": 4,
    "eta_output": 4,
    "activation_function": "GELU",
    "alpha": 0.5,
    "beta": 2.82843,
    "trainable_alpha": true,
    "a": 0.0043,
    "omega_z": 2.82843,
    "omega_ho": 1.0
  },
  "training_points": 100000,
  "batch_size": 1000,
  "width": 0.7,
  "val_seed": 42,
  "val_points": 10000,
  "seed": 17,
  "energy_parameter_final": 24.4642276763916,
  "energy_parameter_history": [
    24.454174041748047,
    24.450002670288086,
    24.448936462402344,
    24.449304580688477,
    24.451133728027344,
    24.453020095825195,
    24.4553279876709,
    24.457948684692383,
    24.459604263305664,
    24.46236801147461
  ],
  "alpha_initial": 0.5,
  "alpha_final": 0.5006471276283264,
  "alpha_history": [
    0.5001015067100525,
    0.5003377795219421,
    0.500412106513977,
    0.5004827976226807,
    0.5005429983139038,
    0.5005719661712646,
    0.5005951523780823,
    0.5006114840507507,
    0.5006263256072998,
    0.5006392598152161
  ],
  "a": 0.0043,
  "beta": 2.828429937362671,
  "energy_std_val_final": 0.3654027744415992,
  "learning_rate": 0.001,
  "final_learning_rate": 0.00036603234127322915,
  "energy_mean_val_final": 24.417394638061523,
  "energy_var_val_final": 0.13351918756961823,
  "energy_mean_val_history": [
    21.139406204223633,
    24.290578842163086,
    24.207487106323242,
    24.670141220092773,
    24.615543365478516,
    24.280542373657227,
    24.846466064453125,
    24.638347625732422,
    24.71141815185547,
    24.417394638061523
  ],
  "energy_std_val_history": [
    5.271737098693848,
    1.2975209951400757,
    0.8325414061546326,
    0.6226877570152283,
    0.42655861377716064,
    0.48063796758651733,
    0.48429346084594727,
    0.3914296329021454,
    0.39642930030822754,
    0.3654027581214905
  ],
  "energy_var_val_history": [
    27.79121208190918,
    1.6835606098175049,
    0.6931251883506775,
    0.38774001598358154,
    0.18195223808288574,
    0.23101285099983215,
    0.2345401495695114,
    0.1532171666622162,
    0.15715618431568146,
    0.13351918756961823
  ],
  "epochs": [
    0,
    1,
    2,
    3,
    4,
    5,
    6,
    7,
    8,
    9,
    10,
    11,
    12,
    13,
    14,
    15,
    16,
    17,
    18,
    19,
    20,
    21,
    22,
    23,
    24,
    25,
    26,
    27,
    28,
    29,
    30,
    31,
    32,
    33,
    34,
    35,
    36,
    37,
    38,
    39,
    40,
    41,
    42,
    43,
    44,
    45,
    46,
    47,
    48,
    49,
    50,
    51,
    52,
    53,
    54,
    55,
    56,
    57,
    58,
    59,
    60,
    61,
    62,
    63,
    64,
    65,
    66,
    67,
    68,
    69,
    70,
    71,
    72,
    73,
    74,
    75,
    76,
    77,
    78,
    79,
    80,
    81,
    82,
    83,
    84,
    85,
    86,
    87,
    88,
    89,
    90,
    91,
    92,
    93,
    94,
    95,
    96,
    97,
    98,
    99
  ],
  "train_loss": [
    1085.9918715667725,
    31.677457408905028,
    18.771113872528076,
    11.542136898040772,
    10.579187154769897,
    4.7529925441741945,
    3.7822860980033877,
    3.339755725860596,
    2.8268963301181795,
    2.803565654754639,
    3.4432783198356627,
    1.7028602063655853,
    1.466263889670372,
    1.3180784994363786,
    1.2356914699077606,
    1.6708075594902039,
    2.1626129031181334,
    1.2273339432477952,
    1.0495468151569367,
    1.1818864768743516,
    0.7518843597173691,
    0.7481999403238296,
    1.0765680891275407,
    21.344215171933175,
    1.0869224110245705,
    2.160300987660885,
    1.2380495810508727,
    0.9561547380685806,
    1.254803880751133,
    1.1325996181368827,
    1.2029322588443756,
    0.7290950390696526,
    1.5554526749253272,
    1.0293261498212813,
    0.651501151919365,
    0.3440420773625374,
    0.41659233465790746,
    0.4689852623641491,
    0.4765959648042917,
    0.5410416388511657,
    0.24167623564600946,
    1.2502155743539334,
    1.9460670825093984,
    1.6153659215569496,
    0.31535514257848263,
    0.37625348642468454,
    0.3387948642671108,
    0.2548762161284685,
    0.279146311506629,
    0.2565945404022932,
    0.21900501646101475,
    0.2548821659758687,
    0.35981973208487034,
    0.2377632275223732,
    6.405641072802245,
    0.574658271111548,
    0.4799803875386715,
    0.2246686625480652,
    0.9492195350676775,
    0.17515921860933303,
    6.960891308411956,
    0.25414690770208836,
    0.2569775342196226,
    0.2632501599937677,
    0.37807904835790396,
    0.4975045026093721,
    0.8444342871755361,
    0.16171122092753648,
    0.207255107909441,
    0.15106325794011355,
    1.132557060420513,
    0.13210135236382484,
    0.33378094237297773,
    0.7939646541327238,
    11.646759525947273,
    0.19883783981204034,
    0.1356054138019681,
    0.15400887478142977,
    0.16669568106532096,
    0.14875350367277862,
    0.1541947928443551,
    0.3954297358170152,
    0.1924744153022766,
    0.12027842499315738,
    2.0691347258538006,
    0.21172046050429344,
    0.11071317080408334,
    0.08715519357472658,
    0.19675208423286678,
    0.10085173947736621,
    0.136960880048573,
    0.38034132033586504,
    0.48418131431564687,
    0.19556373562663792,
    0.43903010569512846,
    0.1681928423792124,
    0.14182793453335762,
    0.12449180705472827,
    0.1013793970644474,
    0.2814523065090179
  ],
  "val_loss": [
    38.776119232177734,
    1.7088078260421753,
    0.7513535022735596,
    0.4364691972732544,
    0.20896442234516144,
    0.2607380747795105,
    0.38750576972961426,
    0.1857452392578125,
    0.22055138647556305,
    0.1355285942554474
  ],
  "epochs_val": [
    0,
    10,
    20,
    30,
    40,
    50,
    60,
    70,
    80,
    90
  ]
}