{
  "model_name": "10N_beta2.82843_lr0.001_a0.0043_tp1.50e+04",
  "model_config": {
    "dim": 3,
    "N": 10,
    "rho_hidden": [
      32,
      32,
      32,
      32
    ],
    "phi_hidden": [
      8
    ],
    "eta_hidden": [
      8
    ],
    "phi_output": 4,
    "eta_output": 4,
    "activation_function": "GELU",
    "alpha": 0.5,
    "beta": 2.82843,
    "trainable_alpha": false,
    "a": 0.0043,
    "omega_z": 2.82843,
    "omega_ho": 1.0
  },
  "training_points": 15000,
  "batch_size": 1000,
  "width": 0.7,
  "val_seed": 42,
  "val_points": 10000,
  "seed": 17,
  "energy_parameter_final": 24.14195442199707,
  "energy_parameter_history": [
    24.142120361328125,
    24.14195442199707,
    24.14195442199707,
    24.14195442199707,
    24.14195442199707,
    24.14195442199707,
    24.14195442199707,
    24.14195442199707,
    24.14195442199707,
    24.14195442199707
  ],
  "alpha_initial": 0.5,
  "alpha_final": 0.5,
  "alpha_history": [
    0.5,
    0.5,
    0.5,
    0.5,
    0.5,
    0.5,
    0.5,
    0.5,
    0.5,
    0.5
  ],
  "a": 0.0043,
  "beta": 2.828429937362671,
  "energy_std_val_final": 1.1530086344902655,
  "learning_rate": 0.001,
  "final_learning_rate": 0.00036603234127322915,
  "energy_mean_val_final": 24.08229637145996,
  "energy_var_val_final": 1.3294289112091064,
  "energy_mean_val_history": [
    23.787784576416016,
    22.471967697143555,
    23.348464965820312,
    24.17673683166504,
    23.70571517944336,
    23.699737548828125,
    24.607912063598633,
    23.828874588012695,
    24.15703010559082,
    24.08229637145996
  ],
  "energy_std_val_history": [
    12.390320777893066,
    4.821795463562012,
    3.299797534942627,
    2.7664434909820557,
    2.2196505069732666,
    1.8365123271942139,
    2.0282225608825684,
    1.4080864191055298,
    1.2407748699188232,
    1.1530085802078247
  ],
  "energy_var_val_history": [
    153.52003479003906,
    23.249711990356445,
    10.888664245605469,
    7.653210163116455,
    4.926848888397217,
    3.3727777004241943,
    4.113686561584473,
    1.9827072620391846,
    1.5395222902297974,
    1.3294289112091064
  ],
  "epochs": [
    0,
    1,
    2,
    3,
    4,
    5,
    6,
    7,
    8,
    9,
    10,
    11,
    12,
    13,
    14,
    15,
    16,
    17,
    18,
    19,
    20,
    21,
    22,
    23,
    24,
    25,
    26,
    27,
    28,
    29,
    30,
    31,
    32,
    33,
    34,
    35,
    36,
    37,
    38,
    39,
    40,
    41,
    42,
    43,
    44,
    45,
    46,
    47,
    48,
    49,
    50,
    51,
    52,
    53,
    54,
    55,
    56,
    57,
    58,
    59,
    60,
    61,
    62,
    63,
    64,
    65,
    66,
    67,
    68,
    69,
    70,
    71,
    72,
    73,
    74,
    75,
    76,
    77,
    78,
    79,
    80,
    81,
    82,
    83,
    84,
    85,
    86,
    87,
    88,
    89,
    90,
    91,
    92,
    93,
    94,
    95,
    96,
    97,
    98,
    99
  ],
  "train_loss": [
    7731.789607747396,
    102.13143463134766,
    56.076489512125654,
    49.92310409545898,
    41.80645548502604,
    38.99183603922526,
    35.42932866414388,
    34.26554794311524,
    31.65567576090495,
    29.820391845703124,
    28.041504033406575,
    23.973469797770182,
    22.140593592325846,
    19.486573537190754,
    19.0421173731486,
    17.400664710998534,
    37.71988353729248,
    16.052213033040363,
    15.959943771362305,
    14.347751426696778,
    12.50885721842448,
    11.078152974446615,
    10.136325709025066,
    9.596069812774658,
    9.310158920288085,
    10.596616808573405,
    10.46640068689982,
    9.680977280934652,
    9.78552287419637,
    8.277808411916096,
    7.528024482727051,
    7.1671516100565595,
    9.652294635772705,
    7.901304658253988,
    7.342349116007487,
    7.61085532506307,
    7.466423861185709,
    6.691808541615804,
    6.6692628542582195,
    6.314484405517578,
    7.0478394508361815,
    5.037587229410807,
    4.474708334604899,
    4.239440933863322,
    4.0955223401387535,
    5.037053632736206,
    4.977942180633545,
    3.9951920827229817,
    13.521787405014038,
    4.731995487213135,
    4.607437960306803,
    4.289695628484091,
    4.286756006876628,
    3.7941118558247884,
    4.022493584950765,
    3.675705655415853,
    3.6710777282714844,
    3.5304399490356446,
    3.545329221089681,
    3.7153428236643475,
    3.468978261947632,
    2.6326401233673096,
    2.7050316174825033,
    2.512165967623393,
    3.0691821575164795,
    2.6907893816630044,
    2.1738176107406617,
    2.500854484240214,
    2.28025320370992,
    2.1589697122573854,
    2.091768217086792,
    2.657856885592143,
    1.8215562105178833,
    2.0829201221466063,
    1.920467782020569,
    2.376720428466797,
    2.1752587795257567,
    2.0388186454772947,
    2.052700138092041,
    2.6236618518829347,
    4.158140500386556,
    3.228522308667501,
    1.8897575775782267,
    3.4975841919581097,
    2.572145962715149,
    2.3917068958282472,
    1.8223692576090496,
    2.3721821149190268,
    3.0789594332377117,
    1.8692900260289511,
    1.5416252772013346,
    1.2068890492121378,
    1.333063046137492,
    1.2808499097824098,
    1.2356240034103394,
    1.3846473614374797,
    1.3101399024327596,
    2.716698694229126,
    2.063086001078288,
    1.4276944239934286
  ],
  "val_loss": [
    153.63021850585938,
    26.036245346069336,
    11.51719856262207,
    7.653654098510742,
    5.116659164428711,
    3.5679969787597656,
    4.330392360687256,
    2.0805280208587646,
    1.5395957231521606,
    1.332854986190796
  ],
  "epochs_val": [
    0,
    10,
    20,
    30,
    40,
    50,
    60,
    70,
    80,
    90
  ]
}