{
  "model_name": "10N_beta2.82843_lr0.001_a0.0043_tp2.00e+04",
  "model_config": {
    "dim": 3,
    "N": 10,
    "rho_hidden": [
      32,
      32,
      32,
      32
    ],
    "phi_hidden": [
      8
    ],
    "eta_hidden": [
      8
    ],
    "phi_output": 4,
    "eta_output": 4,
    "activation_function": "GELU",
    "alpha": 0.5,
    "beta": 2.82843,
    "trainable_alpha": false,
    "a": 0.0043,
    "omega_z": 2.82843,
    "omega_ho": 1.0
  },
  "training_points": 20000,
  "batch_size": 1000,
  "width": 0.75,
  "val_seed": 42,
  "val_points": 10000,
  "seed": 17,
  "energy_parameter_final": 24.142147064208984,
  "energy_parameter_history": [
    24.142147064208984,
    24.142147064208984,
    24.142147064208984
  ],
  "alpha_initial": 0.5,
  "alpha_final": 0.5,
  "alpha_history": [
    0.5,
    0.5,
    0.5
  ],
  "a": 0.0043,
  "beta": 2.828429937362671,
  "energy_std_val_final": 3.3768048582076875,
  "learning_rate": 0.001,
  "final_learning_rate": 0.0007397003733882801,
  "energy_mean_val_final": 22.58737564086914,
  "energy_var_val_final": 11.402811050415039,
  "energy_mean_val_history": [
    31.308034896850586,
    24.770832061767578,
    22.58737564086914
  ],
  "energy_std_val_history": [
    11.747225761413574,
    4.048210620880127,
    3.376804828643799
  ],
  "energy_var_val_history": [
    137.997314453125,
    16.388010025024414,
    11.402811050415039
  ],
  "epochs": [
    0,
    1,
    2,
    3,
    4,
    5,
    6,
    7,
    8,
    9,
    10,
    11,
    12,
    13,
    14,
    15,
    16,
    17,
    18,
    19,
    20,
    21,
    22,
    23,
    24,
    25,
    26,
    27,
    28,
    29
  ],
  "train_loss": [
    4451.314420318604,
    105.16440162658691,
    119.71577873229981,
    101.0816572189331,
    55.436998558044436,
    50.42208375930786,
    44.22656412124634,
    96.34415197372437,
    37.2723090171814,
    40.80550661087036,
    42.562477111816406,
    35.07522382736206,
    32.56015787124634,
    31.154573345184325,
    28.183811283111574,
    29.243412971496582,
    144.950342130661,
    57.25337629318237,
    506.5848650455475,
    21.751397228240968,
    16.802707386016845,
    16.345805215835572,
    14.187702655792236,
    13.262485933303832,
    32.833257818222044,
    28.605745220184325,
    25.425712966918944,
    26.785888671875,
    15.71230764389038,
    14.565819692611694
  ],
  "val_loss": [
    189.33348083496094,
    16.7816219329834,
    13.818987846374512
  ],
  "epochs_val": [
    0,
    10,
    20
  ]
}