{
  "model_name": "2N_3D_GELU_points_8output",
  "model_config": {
    "dim": 3,
    "N": 1,
    "rho_hidden": [
      32,
      32,
      32
    ],
    "phi_hidden": [
      32,
      32
    ],
    "eta_hidden": [
      32,
      32
    ],
    "phi_output": 8,
    "eta_output": 8,
    "activation_function": "GELU",
    "alpha": 0.5,
    "beta": 1.0,
    "trainable_alpha": true,
    "a": 0.0,
    "omega_z": 1.0,
    "omega_ho": 1.0
  },
  "energy_parameter_final": 1.4990005493164062,
  "energy_parameter_history": [
    1.499108076095581,
    1.509193778038025,
    1.5076032876968384,
    1.5034159421920776,
    1.5007297992706299,
    1.4992880821228027,
    1.4986424446105957,
    1.4984413385391235,
    1.4984067678451538,
    1.4984595775604248,
    1.4985072612762451,
    1.4986021518707275,
    1.4986628293991089,
    1.4987287521362305,
    1.4987881183624268,
    1.4988300800323486,
    1.4988758563995361,
    1.4989140033721924,
    1.498944640159607,
    1.4989733695983887
  ],
  "alpha_initial": 0.5,
  "alpha_final": 0.5032672882080078,
  "alpha_history": [
    0.4991471767425537,
    0.5102108120918274,
    0.5127164721488953,
    0.5117136836051941,
    0.5105076432228088,
    0.5094223022460938,
    0.5084418058395386,
    0.5075724124908447,
    0.5068040490150452,
    0.5061673521995544,
    0.5056155323982239,
    0.5051642060279846,
    0.5047779679298401,
    0.5044490098953247,
    0.5041916370391846,
    0.5039677619934082,
    0.5037790536880493,
    0.5036212801933289,
    0.5034820437431335,
    0.5033537745475769
  ],
  "a": 0.0,
  "beta": 1.0,
  "energy_std_val_final": 0.029751634690671602,
  "learning_rate": 1e-05,
  "final_learning_rate": 1.3397967485796167e-06,
  "energy_mean_val_final": 1.4989229440689087,
  "energy_mean_val_history": [
    1.4408499002456665,
    1.5238978862762451,
    1.5011886358261108,
    1.49951171875,
    1.4983069896697998,
    1.4973833560943604,
    1.4980854988098145,
    1.4974944591522217,
    1.4978947639465332,
    1.498168706893921,
    1.4986324310302734,
    1.4983625411987305,
    1.498673677444458,
    1.4986838102340698,
    1.4987707138061523,
    1.4987045526504517,
    1.4987159967422485,
    1.4988598823547363,
    1.4989060163497925,
    1.4989229440689087
  ],
  "energy_var_val_final": 0.000885159766767174,
  "energy_var_val_history": [
    1.7845711708068848,
    0.16427059471607208,
    0.04736290127038956,
    0.023878920823335648,
    0.014418994076550007,
    0.00956769473850727,
    0.006737160962074995,
    0.004977463744580746,
    0.0038231643848121166,
    0.0030370750464498997,
    0.0024829073809087276,
    0.0020814728923141956,
    0.0017806107643991709,
    0.0015501582529395819,
    0.0013721366412937641,
    0.001231170492246747,
    0.0011170755606144667,
    0.0010238720569759607,
    0.0009479066357016563,
    0.000885159766767174
  ],
  "training_points": 100000,
  "epochs": [
    0,
    1,
    2,
    3,
    4,
    5,
    6,
    7,
    8,
    9,
    10,
    11,
    12,
    13,
    14,
    15,
    16,
    17,
    18,
    19,
    20,
    21,
    22,
    23,
    24,
    25,
    26,
    27,
    28,
    29,
    30,
    31,
    32,
    33,
    34,
    35,
    36,
    37,
    38,
    39,
    40,
    41,
    42,
    43,
    44,
    45,
    46,
    47,
    48,
    49,
    50,
    51,
    52,
    53,
    54,
    55,
    56,
    57,
    58,
    59,
    60,
    61,
    62,
    63,
    64,
    65,
    66,
    67,
    68,
    69,
    70,
    71,
    72,
    73,
    74,
    75,
    76,
    77,
    78,
    79,
    80,
    81,
    82,
    83,
    84,
    85,
    86,
    87,
    88,
    89,
    90,
    91,
    92,
    93,
    94,
    95,
    96,
    97,
    98,
    99,
    100,
    101,
    102,
    103,
    104,
    105,
    106,
    107,
    108,
    109,
    110,
    111,
    112,
    113,
    114,
    115,
    116,
    117,
    118,
    119,
    120,
    121,
    122,
    123,
    124,
    125,
    126,
    127,
    128,
    129,
    130,
    131,
    132,
    133,
    134,
    135,
    136,
    137,
    138,
    139,
    140,
    141,
    142,
    143,
    144,
    145,
    146,
    147,
    148,
    149,
    150,
    151,
    152,
    153,
    154,
    155,
    156,
    157,
    158,
    159,
    160,
    161,
    162,
    163,
    164,
    165,
    166,
    167,
    168,
    169,
    170,
    171,
    172,
    173,
    174,
    175,
    176,
    177,
    178,
    179,
    180,
    181,
    182,
    183,
    184,
    185,
    186,
    187,
    188,
    189,
    190,
    191,
    192,
    193,
    194,
    195,
    196,
    197,
    198,
    199
  ],