{
  "model_name": "2N_1D_GELU_1e6points_8output_lr_5",
  "model_config": {
    "dim": 1,
    "N": 2,
    "rho_hidden": [
      32,
      32,
      32
    ],
    "phi_hidden": [
      32,
      32
    ],
    "eta_hidden": [
      32,
      32
    ],
    "phi_output": 8,
    "eta_output": 8,
    "activation_function": "GELU",
    "alpha": 0.5,
    "beta": 1.0,
    "trainable_alpha": true,
    "a": 0.0,
    "omega_z": 1.0,
    "omega_ho": 1.0
  },
  "energy_parameter_final": 0.9949309825897217,
  "energy_parameter_history": [
    0.9989698529243469,
    0.9859283566474915,
    0.992018461227417,
    0.9923681020736694,
    0.9923028945922852,
    0.9924235939979553,
    0.9926701784133911,
    0.9929829835891724,
    0.9933146238327026,
    0.9936384558677673,
    0.9939244389533997,
    0.9941548705101013,
    0.9943321347236633,
    0.9944602251052856,
    0.9945724606513977,
    0.9946637153625488,
    0.9947376251220703,
    0.9947990775108337,
    0.9948497414588928,
    0.99489426612854
  ],
  "alpha_initial": 0.5,
  "alpha_final": 0.4897252321243286,
  "alpha_history": [
    0.49898961186408997,
    0.48801177740097046,
    0.4883459806442261,
    0.48876938223838806,
    0.48908522725105286,
    0.4892922341823578,
    0.48942628502845764,
    0.4894973039627075,
    0.4895404875278473,
    0.4895823895931244,
    0.4896126687526703,
    0.48964473605155945,
    0.489662230014801,
    0.4896780252456665,
    0.4896894097328186,
    0.48969656229019165,
    0.4897066652774811,
    0.48971229791641235,
    0.48971953988075256,
    0.4897181987762451
  ],
  "a": 0.0,
  "beta": 1.0,
  "energy_std_val_final": 0.013953184382385986,
  "learning_rate": 1e-05,
  "final_learning_rate": 1.3397967485796167e-06,
  "energy_mean_val_final": 0.9947522282600403,
  "energy_mean_val_history": [
    -8.326573371887207,
    0.9716974496841431,
    0.9914379119873047,
    0.9914738535881042,
    0.9916054606437683,
    0.9923981428146362,
    0.992466390132904,
    0.9932485222816467,
    0.9936059713363647,
    0.9938251972198486,
    0.9942470788955688,
    0.9939847588539124,
    0.9941461682319641,
    0.9946134686470032,
    0.9949668049812317,
    0.9947804808616638,
    0.9946578145027161,
    0.9946849346160889,
    0.9948288798332214,
    0.9947522282600403
  ],
  "energy_var_val_final": 0.0001946913544088602,
  "energy_var_val_history": [
    180.09654235839844,
    0.27914661169052124,
    0.008040903136134148,
    0.002859823638573289,
    0.0015320723177865148,
    0.0010125404223799706,
    0.0007587597938254476,
    0.0006087176152504981,
    0.0005093885120004416,
    0.0004302032757550478,
    0.00037637463537976146,
    0.0003319696115795523,
    0.00029835416353307664,
    0.00027355857309885323,
    0.0002551838115323335,
    0.00023588852491229773,
    0.0002223731717094779,
    0.00021164354984648526,
    0.00020227809727657586,
    0.0001946913544088602
  ],
  "training_points": 100000,
  "epochs": [
    0,
    1,
    2,
    3,
    4,
    5,
    6,
    7,
    8,
    9,
    10,
    11,
    12,
    13,
    14,
    15,
    16,
    17,
    18,
    19,
    20,
    21,
    22,
    23,
    24,
    25,
    26,
    27,
    28,
    29,
    30,
    31,
    32,
    33,
    34,
    35,
    36,
    37,
    38,
    39,
    40,
    41,
    42,
    43,
    44,
    45,
    46,
    47,
    48,
    49,
    50,
    51,
    52,
    53,
    54,
    55,
    56,
    57,
    58,
    59,
    60,
    61,
    62,
    63,
    64,
    65,
    66,
    67,
    68,
    69,
    70,
    71,
    72,
    73,
    74,
    75,
    76,
    77,
    78,
    79,
    80,
    81,
    82,
    83,
    84,
    85,
    86,
    87,
    88,
    89,
    90,
    91,
    92,
    93,
    94,
    95,
    96,
    97,
    98,
    99,
    100,
    101,
    102,
    103,
    104,
    105,
    106,
    107,
    108,
    109,
    110,
    111,
    112,
    113,
    114,
    115,
    116,
    117,
    118,
    119,
    120,
    121,
    122,
    123,
    124,
    125,
    126,
    127,
    128,
    129,
    130,
    131,
    132,
    133,
    134,
    135,
    136,
    137,
    138,
    139,
    140,
    141,
    142,
    143,
    144,
    145,
    146,
    147,
    148,
    149,
    150,
    151,
    152,
    153,
    154,
    155,
    156,
    157,
    158,
    159,
    160,
    161,
    162,
    163,
    164,
    165,
    166,
    167,
    168,
    169,
    170,
    171,
    172,
    173,
    174,
    175,
    176,
    177,
    178,
    179,
    180,
    181,
    182,
    183,
    184,
    185,
    186,
    187,
    188,
    189,
    190,
    191,
    192,
    193,
    194,
    195,
    196,
    197,
    198,
    199
  ],