{
  "model_name": "2N_beta2.82843_lr0.001_a0.0043_tp1.50e+04",
  "model_config": {
    "dim": 3,
    "N": 2,
    "rho_hidden": [
      32,
      32,
      32,
      32
    ],
    "phi_hidden": [
      8
    ],
    "eta_hidden": [
      8
    ],
    "phi_output": 4,
    "eta_output": 4,
    "activation_function": "GELU",
    "alpha": 0.5,
    "beta": 2.82843,
    "trainable_alpha": true,
    "a": 0.0043,
    "omega_z": 2.82843,
    "omega_ho": 1.0
  },
  "training_points": 15000,
  "width": 0.7,
  "val_seed": 42,
  "val_points": 10000,
  "seed": 17,
  "energy_parameter_final": 4.823202133178711,
  "energy_parameter_history": [
    4.828497409820557,
    4.827816486358643,
    4.827016353607178,
    4.826310157775879,
    4.825683116912842,
    4.825127124786377,
    4.824641227722168,
    4.824215412139893,
    4.823922634124756,
    4.823737621307373,
    4.823612213134766,
    4.823493957519531,
    4.823411464691162,
    4.823332786560059,
    4.823261260986328
  ],
  "alpha_initial": 0.5,
  "alpha_final": 0.5051144361495972,
  "alpha_history": [
    0.4999295771121979,
    0.5005109906196594,
    0.5012496709823608,
    0.5019335150718689,
    0.5025454163551331,
    0.5030930042266846,
    0.5035773515701294,
    0.5040180683135986,
    0.5043298602104187,
    0.5045218467712402,
    0.5046510696411133,
    0.5047770738601685,
    0.5048672556877136,
    0.5049563050270081,
    0.505047082901001
  ],
  "a": 0.0043,
  "beta": 2.828429937362671,
  "energy_std_val_final": 0.27357926099962837,
  "learning_rate": 0.001,
  "final_learning_rate": 0.00022145178723886094,
  "energy_mean_val_final": 4.801224708557129,
  "energy_var_val_final": 0.07484561204910278,
  "energy_mean_val_history": [
    5.146395206451416,
    4.350619316101074,
    4.442686080932617,
    4.510892868041992,
    4.493630409240723,
    4.498027324676514,
    4.525502681732178,
    4.636106014251709,
    4.725772857666016,
    4.716968536376953,
    4.758085250854492,
    4.808139801025391,
    4.827373504638672,
    4.7974724769592285,
    4.801224708557129
  ],
  "energy_std_val_history": [
    4.086647987365723,
    1.684606909751892,
    1.0708167552947998,
    0.9423075914382935,
    0.8722531199455261,
    0.8221020102500916,
    0.7638574242591858,
    0.6490733623504639,
    0.49050793051719666,
    0.3953842222690582,
    0.35820865631103516,
    0.3296091854572296,
    0.3141953647136688,
    0.2886621057987213,
    0.27357926964759827
  ],
  "energy_var_val_history": [
    16.70069122314453,
    2.837900161743164,
    1.1466484069824219,
    0.8879435658454895,
    0.760825514793396,
    0.6758517622947693,
    0.5834781527519226,
    0.42129626870155334,
    0.24059803783893585,
    0.15632867813110352,
    0.12831345200538635,
    0.10864220559597015,
    0.09871871769428253,
    0.08332580327987671,
    0.07484561204910278
  ],
  "epochs": [
    0,
    1,
    2,
    3,
    4,
    5,
    6,
    7,
    8,
    9,
    10,
    11,
    12,
    13,
    14,
    15,
    16,
    17,
    18,
    19,
    20,
    21,
    22,
    23,
    24,
    25,
    26,
    27,
    28,
    29,
    30,
    31,
    32,
    33,
    34,
    35,
    36,
    37,
    38,
    39,
    40,
    41,
    42,
    43,
    44,
    45,
    46,
    47,
    48,
    49,
    50,
    51,
    52,
    53,
    54,
    55,
    56,
    57,
    58,
    59,
    60,
    61,
    62,
    63,
    64,
    65,
    66,
    67,
    68,
    69,
    70,
    71,
    72,
    73,
    74,
    75,
    76,
    77,
    78,
    79,
    80,
    81,
    82,
    83,
    84,
    85,
    86,
    87,
    88,
    89,
    90,
    91,
    92,
    93,
    94,
    95,
    96,
    97,
    98,
    99,
    100,
    101,
    102,
    103,
    104,
    105,
    106,
    107,
    108,
    109,
    110,
    111,
    112,
    113,
    114,
    115,
    116,
    117,
    118,
    119,
    120,
    121,
    122,
    123,
    124,
    125,
    126,
    127,
    128,
    129,
    130,
    131,
    132,
    133,
    134,
    135,
    136,
    137,
    138,
    139,
    140,
    141,
    142,
    143,
    144,
    145,
    146,
    147,
    148,
    149
  ],
  "train_loss": [
    31.573859895978654,
    13.973440987723214,
    9.34941359928676,
    8.250053678240095,
    6.532419885907855,
    5.773658820561001,
    5.02424498966762,
    4.692545345851353,
    3.8877576078687395,
    3.5184010096958707,
    3.2469219820840016,
    3.0254386493137906,
    2.4992313385009766,
    2.207087891442435,
    2.011122005326407,
    1.7729897328785487,
    1.7816237722124373,
    1.5389689207077026,
    1.3888285670961653,
    1.3444601467677526,
    1.205647587776184,
    1.0447583624294825,
    1.069732861859458,
    0.9805182559149606,
    1.1128070184162684,
    1.5452838284628732,
    1.024366787501744,
    0.9796845487185887,
    0.9445486494473049,
    0.9827529532568795,
    0.9807714138712201,
    0.9301075509616307,
    0.9133784260068621,
    0.8852587512561253,
    0.7923868724278041,
    0.8819163015910557,
    0.820062381880624,
    0.8521574139595032,
    0.76931004013334,
    1.009722786290305,
    0.8399636745452881,
    0.8363497597830636,
    0.8427713172776359,
    0.7654480508395604,
    0.824490317276546,
    0.7109109844480243,
    0.7558952144214085,
    0.7711082100868225,
    0.7025270887783596,
    0.8402873618262154,
    0.7728879707200187,
    0.7066709058625358,
    0.7350851041930062,
    0.642811255795615,
    0.6541217650685992,
    0.6819702046258109,
    0.6932110445840018,
    0.6355331795556205,
    0.6812201993806022,
    0.6538937773023333,
    0.6175064614840916,
    0.5858774185180664,
    0.5880885933126722,
    0.6254382303782872,
    0.5696820872170585,
    0.5729797056743077,
    0.5539727892194476,
    0.4797790689127786,
    0.45612336482320515,
    0.4280663686139243,
    0.42762111340250286,
    0.4036486659731184,
    0.3783912445817675,
    0.3587334666933332,
    0.34562353576932636,
    0.36350598505565096,
    0.29588113938059124,
    0.2790442875453404,
    0.27042998586382183,
    0.25416586867400576,
    0.2521498905760901,
    0.21120621051107133,
    0.20883744103567942,
    0.19951858052185603,
    0.19071204960346222,
    0.18376039181436812,
    0.17078005841800145,
    0.1973911566393716,
    0.15998529536383493,
    0.164751763854708,
    0.15056630330426352,
    0.15018212369510106,
    0.1557424877371107,
    0.14972676123891557,
    0.24303139639752253,
    0.15172518896205084,
    10.590322479605675,
    0.13819555193185806,
    0.13338025552885874,
    0.14161704693521773,
    0.12896110117435455,
    0.11479662784508296,
    0.13107528005327498,
    0.10864197462797165,
    0.11758343556097575,
    0.11337229503052575,
    0.11811257685933794,
    0.10838408555303301,
    0.10290929462228503,
    0.11241399816104344,
    0.09852163174322673,
    0.1078530762876783,
    1.2260136849113874,
    0.0938224590250424,
    0.10293509598289217,
    0.09324299969843455,
    0.157037829714162,
    0.26682001778057646,
    0.08448014727660588,
    0.09962362476757594,
    0.10558772725718361,
    0.13643877740417207,
    0.09382265912634986,
    0.0889850418482508,
    0.09601997690541404,
    0.09858452635152,
    0.08500106845583234,
    114.44893521496228,
    0.07771092121090208,
    0.0828110660825457,
    0.07919659252677645,
    0.08274970735822405,
    0.06933829986623355,
    1.9231300119842802,
    0.07753247820905276,
    0.07723177969455719,
    0.07020376090492521,
    0.08737241423555783,
    0.06746339904410499,
    67.60221564131123,
    0.06708794779011182,
    1.0890839014734541,
    0.06732648717505592,
    0.07131950344358172,
    0.07159231496708733,
    0.1206527091562748,
    0.06909774030957903,
    0.06837033054658345,
    0.10704589794789042,
    0.0681410761816161
  ],