{
  "model_name": "2N_beta2.82843_lr0.001_a0.0043_tp5.00e+04",
  "model_config": {
    "dim": 3,
    "N": 2,
    "rho_hidden": [
      32,
      32,
      32,
      32
    ],
    "phi_hidden": [
      8
    ],
    "eta_hidden": [
      8
    ],
    "phi_output": 4,
    "eta_output": 4,
    "activation_function": "GELU",
    "alpha": 0.5,
    "beta": 2.82843,
    "trainable_alpha": false,
    "a": 0.0043,
    "omega_z": 2.82843,
    "omega_ho": 1.0
  },
  "training_points": 50000,
  "width": 0.7,
  "val_seed": 42,
  "val_points": 10000,
  "seed": 17,
  "energy_parameter_final": 4.8278985023498535,
  "energy_parameter_history": [
    4.828514099121094,
    4.827346324920654,
    4.827621936798096,
    4.827658653259277,
    4.827700138092041,
    4.827733516693115,
    4.827754974365234,
    4.827764511108398,
    4.827783584594727,
    4.827793598175049,
    4.827807903289795,
    4.827832221984863,
    4.82783842086792,
    4.827857971191406,
    4.82787561416626
  ],
  "alpha_initial": 0.5,
  "alpha_final": 0.5,
  "alpha_history": [
    0.5,
    0.5,
    0.5,
    0.5,
    0.5,
    0.5,
    0.5,
    0.5,
    0.5,
    0.5,
    0.5,
    0.5,
    0.5,
    0.5,
    0.5
  ],
  "a": 0.0043,
  "beta": 2.828429937362671,
  "energy_std_val_final": 0.09805624107824233,
  "learning_rate": 0.001,
  "final_learning_rate": 0.00022145178723886094,
  "energy_mean_val_final": 4.830318927764893,
  "energy_var_val_final": 0.009615026414394379,
  "energy_mean_val_history": [
    4.547980308532715,
    4.895702362060547,
    4.776175022125244,
    4.826635360717773,
    4.853657245635986,
    4.850838661193848,
    4.838574409484863,
    4.820009231567383,
    4.822817325592041,
    4.843852519989014,
    4.833588123321533,
    4.812901496887207,
    4.836357116699219,
    4.8314948081970215,
    4.830318927764893
  ],
  "energy_std_val_history": [
    3.1268725395202637,
    0.3707563579082489,
    0.2534081041812897,
    0.19642673432826996,
    0.17321959137916565,
    0.15333564579486847,
    0.14236481487751007,
    0.13685142993927002,
    0.12544627487659454,
    0.12065495550632477,
    0.11386551707983017,
    0.11367061734199524,
    0.10555317252874374,
    0.10300080478191376,
    0.09805624186992645
  ],
  "energy_var_val_history": [
    9.777332305908203,
    0.13746027648448944,
    0.06421566754579544,
    0.038583461195230484,
    0.03000502660870552,
    0.023511821404099464,
    0.02026774175465107,
    0.018728312104940414,
    0.015736768022179604,
    0.014557618647813797,
    0.01296535599976778,
    0.012921009212732315,
    0.01114147249609232,
    0.010609165765345097,
    0.009615026414394379
  ],
  "epochs": [
    0,
    1,
    2,
    3,
    4,
    5,
    6,
    7,
    8,
    9,
    10,
    11,
    12,
    13,
    14,
    15,
    16,
    17,
    18,
    19,
    20,
    21,
    22,
    23,
    24,
    25,
    26,
    27,
    28,
    29,
    30,
    31,
    32,
    33,
    34,
    35,
    36,
    37,
    38,
    39,
    40,
    41,
    42,
    43,
    44,
    45,
    46,
    47,
    48,
    49,
    50,
    51,
    52,
    53,
    54,
    55,
    56,
    57,
    58,
    59,
    60,
    61,
    62,
    63,
    64,
    65,
    66,
    67,
    68,
    69,
    70,
    71,
    72,
    73,
    74,
    75,
    76,
    77,
    78,
    79,
    80,
    81,
    82,
    83,
    84,
    85,
    86,
    87,
    88,
    89,
    90,
    91,
    92,
    93,
    94,
    95,
    96,
    97,
    98,
    99,
    100,
    101,
    102,
    103,
    104,
    105,
    106,
    107,
    108,
    109,
    110,
    111,
    112,
    113,
    114,
    115,
    116,
    117,
    118,
    119,
    120,
    121,
    122,
    123,
    124,
    125,
    126,
    127,
    128,
    129,
    130,
    131,
    132,
    133,
    134,
    135,
    136,
    137,
    138,
    139,
    140,
    141,
    142,
    143,
    144,
    145,
    146,
    147,
    148,
    149
  ],
  "train_loss": [
    71.01770748138428,
    5.840378084182739,
    2.41055730342865,
    1.311606080532074,
    0.7393728494644165,
    0.42743822932243347,
    0.2990042620897293,
    0.7880478382110596,
    0.18698854386806488,
    0.1689329054951668,
    0.16426144987344743,
    0.13815405309200288,
    0.14867996037006379,
    0.1154131942987442,
    0.10887601315975189,
    0.11715662196278571,
    2480.0263710170984,
    1.9988637709617614,
    0.1875081877410412,
    0.2448828986287117,
    0.06411670446395874,
    0.06454858765006065,
    0.44306772589683535,
    0.06421886324882507,
    0.07115553706884384,
    0.06472495675086976,
    0.04971601545810699,
    0.05580032676458359,
    0.04425625026226044,
    0.14592248246073722,
    0.04604139186441898,
    0.057486698627471924,
    0.11214404419064522,
    0.038910505026578904,
    0.05564071968197823,
    0.0386008732765913,
    0.034750369861721996,
    0.030306952968239785,
    0.03641610041260719,
    0.031278051137924194,
    0.07591263331472874,
    0.057988438233733175,
    0.03470537029206753,
    0.03227966994047165,
    0.09594427548348904,
    0.0628256569057703,
    0.0662772861123085,
    0.03419699914753437,
    0.03189090698957443,
    0.1525155310332775,
    0.043677040562033656,
    0.060430527329444886,
    0.04767109304666519,
    0.030804505348205568,
    0.038128690347075465,
    0.06300930202007293,
    0.032193484380841256,
    0.020612347945570944,
    0.02581081211566925,
    0.2128217425197363,
    0.024462829045951366,
    3.1218746642395856,
    0.027691702768206598,
    0.018541461788117886,
    0.03878649458289146,
    0.04075438752770424,
    0.019018043875694276,
    0.021733926124870778,
    0.02407119460403919,
    0.02344880811870098,
    0.15788255859166384,
    0.019374325200915338,
    0.016585337221622466,
    0.018280126862227918,
    0.031246343664824962,
    0.2681779919192195,
    0.019922682978212834,
    0.018994126468896866,
    0.05841418385505676,
    0.0191917746886611,
    0.01955403197556734,
    0.015213498212397099,
    0.022589123360812664,
    0.037203817665576934,
    0.025407048165798186,
    0.02901866618543863,
    0.01668155673891306,
    0.015863568857312202,
    0.10579770769923925,
    0.01489865142852068,
    0.017369230166077613,
    0.020834576860070227,
    0.01611323170363903,
    0.015566598176956176,
    0.013265391178429127,
    0.08326695892959833,
    0.03542903888970614,
    0.014570197202265262,
    0.013291879333555698,
    0.01680486749857664,
    0.014277899339795112,
    0.07069251690059901,
    0.014539062008261681,
    0.012613027580082417,
    0.020225919745862485,
    0.014820456244051457,
    0.013078743107616902,
    0.03160110156983137,
    0.01739814929664135,
    0.015854173451662065,
    0.021183440797030925,
    0.01909315399825573,
    0.01557483546435833,
    0.03722253948450088,
    0.022983294799923896,
    0.014013454541563988,
    0.013898868672549724,
    0.04841385677456856,
    0.011811074316501618,
    0.011517977565526962,
    0.017793513275682925,
    0.01644289094954729,
    0.16571803487837314,
    0.12153823669999837,
    0.013456449210643769,
    0.010951290335506202,
    0.011894958764314652,
    0.08823243722319603,
    0.014986411519348621,
    0.11086417946964502,
    0.07532849416136742,
    0.012888632752001285,
    0.010407942477613688,
    0.021146385613828898,
    1.4960259475745261,
    0.2015956698730588,
    0.08804888790473342,
    0.010520681608468294,
    0.016470217816531657,
    4.104471484869719,
    0.013515714425593614,
    0.067405358068645,
    0.01176128264516592,
    0.011068010702729225,
    0.01383626388385892,
    0.011237130090594292,
    0.009541388116776944,
    0.010683451499789953,
    0.01519431771710515,
    0.009839649312198162
  ],