{
  "model_name": "10N_3D_t10k_init_lr3_epoch",
  "model_config": {
    "dim": 3,
    "N": 10,
    "rho_hidden": [
      32,
      32,
      32,
      32
    ],
    "phi_hidden": [
      8
    ],
    "eta_hidden": [
      8
    ],
    "phi_output": 4,
    "eta_output": 4,
    "activation_function": "GELU",
    "alpha": 0.5,
    "beta": 1.0,
    "trainable_alpha": true,
    "a": 0.0,
    "omega_z": 1.0,
    "omega_ho": 1.0
  },
  "energy_parameter_final": 15.020956039428711,
  "energy_parameter_history": [
    14.990365982055664,
    14.967161178588867,
    14.974831581115723,
    14.975984573364258,
    14.979032516479492,
    14.988853454589844,
    14.99785327911377,
    15.005755424499512,
    15.01230239868164,
    15.017582893371582
  ],
  "alpha_initial": 0.5,
  "alpha_final": 0.4962293207645416,
  "alpha_history": [
    0.4933839440345764,
    0.46237653493881226,
    0.4635501205921173,
    0.4740495979785919,
    0.48305973410606384,
    0.4881790578365326,
    0.4926947355270386,
    0.4944653809070587,
    0.49523916840553284,
    0.4958791434764862
  ],
  "a": 0.0,
  "beta": 1.0,
  "energy_std_val_final": 0.2399940451613414,
  "learning_rate": 0.001,
  "final_learning_rate": 0.00036603234127322915,
  "energy_mean_val_final": 14.477381706237793,
  "energy_mean_val_history": [
    11.197540283203125,
    13.822456359863281,
    13.434557914733887,
    13.52092456817627,
    18.100679397583008,
    14.53977108001709,
    13.8174409866333,
    12.694716453552246,
    15.277545928955078,
    14.477381706237793
  ],
  "energy_var_val_final": 0.057597141712903976,
  "energy_var_val_history": [
    52.89874267578125,
    1.0679223537445068,
    0.5050156712532043,
    0.3116242289543152,
    4.356311321258545,
    0.045553985983133316,
    0.2334808111190796,
    0.749925971031189,
    0.014158502221107483,
    0.057597141712903976
  ],
  "training_points": 10000,
  "epochs": [
    0,
    1,
    2,
    3,
    4,
    5,
    6,
    7,
    8,
    9,
    10,
    11,
    12,
    13,
    14,
    15,
    16,
    17,
    18,
    19,
    20,
    21,
    22,
    23,
    24,
    25,
    26,
    27,
    28,
    29,
    30,
    31,
    32,
    33,
    34,
    35,
    36,
    37,
    38,
    39,
    40,
    41,
    42,
    43,
    44,
    45,
    46,
    47,
    48,
    49,
    50,
    51,
    52,
    53,
    54,
    55,
    56,
    57,
    58,
    59,
    60,
    61,
    62,
    63,
    64,
    65,
    66,
    67,
    68,
    69,
    70,
    71,
    72,
    73,
    74,
    75,
    76,
    77,
    78,
    79,
    80,
    81,
    82,
    83,
    84,
    85,
    86,
    87,
    88,
    89,
    90,
    91,
    92,
    93,
    94,
    95,
    96,
    97,
    98,
    99
  ],
  "train_loss": [
    653.1953712463379,
    44.76773319244385,
    29.609951496124268,
    13.14217119216919,
    8.169353580474853,
    5.947410225868225,
    4.524743890762329,
    3.268492412567139,
    2.562922477722168,
    2.2982959151268005,
    1.9739216804504394,
    1.8596967816352845,
    1.7412806510925294,
    1.6260046184062957,
    1.5582653105258941,
    1.5172897279262543,
    1.5808923661708831,
    1.563409408926964,
    1.6755889713764192,
    1.6443369925022124,
    1.665460479259491,
    1.6356031760573386,
    1.6610610365867615,
    1.5862738564610481,
    1.5935969993472099,
    1.6073639191687108,
    1.6477066315710545,
    1.5468729555606842,
    1.4489960707724094,
    1.403503929451108,
    1.38333022557199,
    1.2965234316885472,
    1.2556325387209655,
    1.211021350696683,
    1.202911553531885,
    1.1732256393879652,
    1.191535695642233,
    1.1722261995077132,
    0.716346101090312,
    2.255927933938801,
    13.519712176173925,
    6.340901005268097,
    1.5068193893879651,
    1.6958473041653632,
    1.6136105548590423,
    1.2637176096439362,
    1.4284784084185957,
    0.8568241721019149,
    1.5944683322682978,
    1.594770012050867,
    1.4336384649388492,
    0.4747918313369155,
    4.484019300714135,
    0.686123064532876,
    2.5891554905101657,
    2.299808257818222,
    2.1845430162735284,
    2.5748852103948594,
    3.912324501760304,
    0.5338441794738173,
    3.7286827794276176,
    0.5757398798596114,
    3.6598699334543197,
    0.5593266874551773,
    2.0150097533129157,
    1.95573450922966,
    1.906157401809469,
    1.6493402358610183,
    0.4320720214396715,
    3.0809131379239263,
    0.8155333556234836,
    2.6604399740695954,
    1.5005383853334933,
    1.6735057324171065,
    1.6668142513372004,
    1.3755683725699783,
    2.476229377090931,
    0.6155249999836088,
    2.363522432371974,
    0.6698735320940614,
    2.2566999226808546,
    1.3484863398596645,
    1.3284504391252994,
    1.4639792234636844,
    1.1379485245794059,
    2.0932163811288773,
    0.5139168485999107,
    2.002617525868118,
    0.5855405017733574,
    1.9098405450582505,
    1.1893926756223663,
    1.1065125167369843,
    0.22730212635360658,
    0.20804560298565775,
    0.21085076928138732,
    0.1891116216778755,
    0.15173982530832292,
    0.1856509916484356,
    0.13937290832400323,
    0.15791600793600083
  ],
  "val_loss": [
    67.27721405029297,
    2.3781325817108154,
    2.8773884773254395,
    2.428781747817993,
    14.100417137145996,
    0.24722295999526978,
    1.6268242597579956,
    6.090727806091309,
    0.08451056480407715,
    0.34940606355667114
  ],
  "epochs_val": [
    0,
    10,
    20,
    30,
    40,
    50,
    60,
    70,
    80,
    90
  ]
}