{
  "model_name": "10N_beta2.82843_lr3_20k_width0.65",
  "model_config": {
    "dim": 3,
    "N": 10,
    "rho_hidden": [
      32,
      32,
      32,
      32
    ],
    "phi_hidden": [
      8
    ],
    "eta_hidden": [
      8
    ],
    "phi_output": 4,
    "eta_output": 4,
    "activation_function": "GELU",
    "alpha": 0.5,
    "beta": 2.82843,
    "trainable_alpha": false,
    "a": 0.0,
    "omega_z": 2.82843,
    "omega_ho": 1.0
  },
  "training_points": 1000,
  "width": 0.65,
  "val_seed": 42,
  "val_points": 10000,
  "seed": 17,
  "energy_parameter_final": 24.069271087646484,
  "energy_parameter_history": [
    24.141149520874023,
    24.131690979003906,
    24.12267303466797,
    24.113826751708984,
    24.10548210144043,
    24.097896575927734,
    24.0915584564209,
    24.085662841796875,
    24.08008575439453,
    24.074676513671875
  ],
  "alpha_initial": 0.5,
  "alpha_final": 0.5,
  "alpha_history": [
    0.5,
    0.5,
    0.5,
    0.5,
    0.5,
    0.5,
    0.5,
    0.5,
    0.5,
    0.5
  ],
  "a": 0.0,
  "beta": 2.828429937362671,
  "energy_std_val_final": 5.208873059599878,
  "learning_rate": 0.001,
  "final_learning_rate": 0.00036603234127322915,
  "energy_mean_val_final": 21.48574447631836,
  "energy_var_val_final": 27.13235855102539,
  "energy_mean_val_history": [
    -53.150550842285156,
    13.482593536376953,
    19.473602294921875,
    19.664621353149414,
    20.670106887817383,
    22.200542449951172,
    21.91334342956543,
    21.269405364990234,
    20.918601989746094,
    21.48574447631836
  ],
  "energy_var_val_history": [
    2587.126220703125,
    345.2136535644531,
    109.47830200195312,
    55.90256881713867,
    41.9817008972168,
    43.5081901550293,
    36.94949722290039,
    30.598222732543945,
    29.064037322998047,
    27.13235855102539
  ],
  "epochs": [
    0,
    1,
    2,
    3,
    4,
    5,
    6,
    7,
    8,
    9,
    10,
    11,
    12,
    13,
    14,
    15,
    16,
    17,
    18,
    19,
    20,
    21,
    22,
    23,
    24,
    25,
    26,
    27,
    28,
    29,
    30,
    31,
    32,
    33,
    34,
    35,
    36,
    37,
    38,
    39,
    40,
    41,
    42,
    43,
    44,
    45,
    46,
    47,
    48,
    49,
    50,
    51,
    52,
    53,
    54,
    55,
    56,
    57,
    58,
    59,
    60,
    61,
    62,
    63,
    64,
    65,
    66,
    67,
    68,
    69,
    70,
    71,
    72,
    73,
    74,
    75,
    76,
    77,
    78,
    79,
    80,
    81,
    82,
    83,
    84,
    85,
    86,
    87,
    88,
    89,
    90,
    91,
    92,
    93,
    94,
    95,
    96,
    97,
    98,
    99
  ],
  "train_loss": [
    13906.0107421875,
    8507.7724609375,
    5395.85595703125,
    3312.107421875,
    2246.4248046875,
    1692.57421875,
    1198.18359375,
    981.8959350585938,
    861.0257568359375,
    647.8521118164062,
    492.32275390625,
    508.71533203125,
    357.72003173828125,
    322.63739013671875,
    305.1409912109375,
    275.43182373046875,
    277.04437255859375,
    202.74099731445312,
    192.4131622314453,
    159.56680297851562,
    136.2449951171875,
    131.52439880371094,
    120.66120910644531,
    112.74857330322266,
    101.06201934814453,
    114.78587341308594,
    100.61934661865234,
    87.68153381347656,
    109.6439437866211,
    74.05252838134766,
    111.28302764892578,
    77.1644515991211,
    66.73870849609375,
    62.91437530517578,
    59.40253829956055,
    70.21339416503906,
    62.79575729370117,
    63.021846771240234,
    64.16033172607422,
    55.78063201904297,
    64.16990661621094,
    54.5352897644043,
    60.3355827331543,
    48.382015228271484,
    59.85675811767578,
    55.68014907836914,
    46.683311462402344,
    53.504024505615234,
    43.752479553222656,
    46.57723617553711,
    42.09251022338867,
    52.216827392578125,
    50.62556076049805,
    45.6514778137207,
    45.33638381958008,
    38.00473403930664,
    43.64440155029297,
    43.56459426879883,
    51.3601188659668,
    43.44169998168945,
    40.284095764160156,
    42.130104064941406,
    40.4849853515625,
    42.365684509277344,
    36.537681579589844,
    42.43560791015625,
    45.56736373901367,
    38.165122985839844,
    36.39923858642578,
    49.712989807128906,
    39.42290496826172,
    36.25762176513672,
    37.86622619628906,
    36.744041442871094,
    32.79975128173828,
    33.64896011352539,
    33.8028450012207,
    37.43147659301758,
    39.104801177978516,
    39.98419189453125,
    42.78540802001953,
    34.6268424987793,
    41.92829513549805,
    32.18437576293945,
    39.71257019042969,
    34.76342010498047,
    36.13341522216797,
    33.7837028503418,
    35.4072265625,
    30.69223976135254,
    33.79374694824219,
    37.62995910644531,
    26.136497497558594,
    31.73722267150879,
    31.756925582885742,
    26.030101776123047,
    30.957408905029297,
    34.97083282470703,
    30.446277618408203,
    33.52348709106445
  ],
  "val_loss": [
    8560.6162109375,
    458.54791259765625,
    131.07025146484375,
    75.68681335449219,
    53.77510070800781,
    47.09944534301758,
    41.68672180175781,
    38.523406982421875,
    39.05319595336914,
    33.829498291015625
  ],
  "epochs_val": [
    0,
    10,
    20,
    30,
    40,
    50,
    60,
    70,
    80,
    90
  ]
}